title,genres,rate,picture,year,summary,country,評論1,評論2,評論3,評論4,評論5
芭比 : (臺),喜劇、奇幻、冒險,8.0,https://img9.doubanio.com/view/photo/s_ratio_poster/public/p2895679456.jpg,2023-07-21,"在夢幻浪漫的芭比樂園裡，美麗自信的芭比們每日過著快樂無憂的生活，她們活躍在每一個工作崗位，肯是點綴，女孩的聚會才至關重要。直到某一天，我們的主角芭比（瑪格特·羅比 Margot Robbie 飾）突然提到了生死，她的完美生活毫無徵兆發生改變。她的口氣不再清新，面容開始猶豫憔悴，也無法輕盈地從頂樓飄落下來。經前輩點播，她意識到人類世界某個人和她建立著聯絡，而那個人的心境似乎正投射到芭比的身上來。
                                    
                                　　為了找回曾經的完美生活，芭比和肯（瑞恩·高斯林 Ryan Gosling 飾）輾轉來到現實世界，並經過一番波折見到了葛洛莉婭（亞美莉卡·費雷拉 America Ferrera 飾）母女，而肯也在見識到男權社會的魅力之後，心中升起要改變芭比樂園的念頭……",美國 / 英國,“肯在芭比樂園獲得的職位，會和女性在現實世界中獲得的職位一樣多”,潑盆冷水，並沒有宣傳中說的那麼精彩，對父權的解構和諷刺遠沒有想象中深刻，不如說還是停留在很淺顯的girls can do anything和find yourself這種層面。芭比這個形象中最爭議的是否加劇了女性的容貌焦慮這一點幾乎沒有任何提及，我看來本質還是相當老生常談的核心，只是換上了updated的表達方法。但考慮到好萊塢一貫的保守+商業至上，只能說這是一次在世界最逐利的電影工業體系中一次關於feminism表達的勇敢嘗試，鼓勵7分。,虛假的男凝下的女權主義：《消失的她 》VS 真實的女性導演多元視角的女權主義：《芭比》,"我感覺本片的定位是成為一部女性賦權的當代Grease, 但不小心拍成了青少年芭比Glee。話說得都沒錯，但感覺是全程尬聊，最後還要給Ken塞個找到了自我的橋段，何必呢，讓Ken去死不就得了。",不懂男的有啥好破防的，我們只能在電影裡設想一下自己的Barbieland，你們可是每天都生活在你們的Barbieland裡面。我要是男的，我看完得高興得哭出聲好吧。
旺卡 : (臺),喜劇、歌舞、奇幻、冒險,7.3,https://img1.doubanio.com/view/photo/s_ratio_poster/public/p2901229830.jpg,2023-12-08,影片聚焦經典之作《查理和巧克力工廠》的主人公威利·旺卡（提莫西·查拉梅 飾），這位年輕且天賦異稟的發明家、魔術師、巧克力製作師，是如何經歷奇幻冒險，成長為觀眾摯愛的巧克力工廠掌門人的故事。,美國 / 英國 / 加拿大,甜茶的旺卡就是那種，就算他缺乏常識，就算他大字不識，就算他會直直跳進所有人都能看出來的明晃晃的陷阱，但你就是沒辦法對他生氣，一看他那雙眼睛你就只想說“哦~寶貝”,甜茶和德普的差距就是這一部和上一部的差距,在週五看完覺得很幸福的電影,從故事上來說，跟德普版的旺卡就不是一個人，一個想爹，一個想媽。童話感快樂拉滿，笑點也挺可愛的，說是歌舞劇，但歌曲基本沒什麼記憶點，還好有小橙人carry全場，看完腦內自動魔性迴圈。甜茶唱得拉，但演得沒啥問題，臉上半永久掛著單純不識字沒煩惱的自信微笑，愚蠢和精明之間拿捏的恰到好處。PS英國導演帶英國演員團建，《糟糕歷史》演員驚喜再就業。,注意：本片中不含任何看起來好吃的巧克力。
功夫熊貓4 : (臺),喜劇、動作、動畫、奇幻、冒險,6.3,https://img3.doubanio.com/view/photo/s_ratio_poster/public/p2903578097.jpg,2024-03-22,神龍大俠阿寶（傑克·布萊克 Jack Black 配音）再度歸來，要被師父（達斯汀·霍夫曼 Dustin Hoffman 配音）強行進階修行。系列全新最強反派魅影妖后（維奧拉·戴維斯 Viola Davis 配音）登場，神秘莫測的她可以幻化成每一個阿寶的昔日宿敵。此次阿寶又結識了小真（奧卡菲娜 Awkwafina 配音）等新夥伴，並將一同開啟這場冒險旅程。,美國 / 中國大陸,功夫秀一秀，熊貓救一救，配音溜一溜，劇情透一透，觀眾逗一逗，票房湊一湊。,千萬別看國語版，蔣欣和黃渤配的還行吧，楊冪真的是災難。。。,短評裡說迪士尼黔驢技窮的那個，電影開始“環球影業”和“夢工廠”那幾個碩大的中文，敢情你是一個也不認識啊？？？？,蜥蜴說因為自己身材小沒人肯教她武功，然而蓋世五俠有隻螳螂,系列最差，劇本極其套路，也完全找不到二三部裡面形而上的東方表達，只有笑料設計和動作設計勉強挽尊，可以說是完全沒有必要的續集。
不要見怪 : (臺),喜劇、愛情,6.5,https://img9.doubanio.com/view/photo/s_ratio_poster/public/p2891129316.jpg,2023-06-15,想保住車和母親留下房子的Uber司機Maddie（詹妮弗·勞倫斯 飾），答應了一對富豪夫婦的請求，替他們內向又古怪的19歲兒子Percy（安德魯·巴特·費爾德曼 飾）在上大學之前破處，然而Maddie很快就發現事情並沒有她想象中那麼簡單。,美國,現代惡女版灰姑娘，以為只走腎結果全走心。大表姐尺度全開，但又奉上了奧斯卡級別的細膩表演，這將本片完全和那些屎尿屁R級性喜劇區分開來，後半程一直在偷偷抹眼淚，誰不想有一個善良單純有錢還為愛痴狂的小奶狗男友呢！,有錢人用一臺破車可以換來所有，窮人卻得既做性感尤物、又做裸體保鏢、又做貼心保姆、又做純情初戀、又做愛狗人士、又做脫口秀女王、又做秒射hand job，還得懷著滿滿愧疚追著假宅男說聲抱歉，才能換得一輛破車。真的不公平。,一開始是R級搞笑片，後來像愛情片，最後發現是成長向友誼片。夏日終將結束，去普林斯頓擁有大好前程的少年不會忘了海濱小鎮上那個讓他長大的熟女姐姐。更好的是，姐姐也不會為了這個真愛過他的少年停留，加州的陽光會撫平家庭問題帶來的一切傷痕。他們各自是彼此旅程中精彩的一段。,大表妹海灘全果暴揍熊孩子那段一臉震驚，處男一秒不到二臉震驚，最後竟然很走心三臉震驚！,老套甜蜜的姐狗文學，性喜劇屬性反而是次要的；在情節每一秒鐘都能夠被預料且人物轉變缺乏細節的情況下，附加了一些對階級和年齡焦慮的思考作為點綴，整體的敘事節奏是可以被接受的。場外資訊明顯更有趣一些，男主這張吳磊混合荷蘭弟的臉註定是要演姐弟戀的，而大表姐在片中赤身裸體地與人戰鬥似乎也是在給“後豔照門”時代的自己一個回應，雖然“青少年反烏托邦”的年歲一去不復返，但畢竟“三十而已”，總歸還是要重新出發的
超級馬力歐兄弟大電影 : (臺),喜劇、愛情、科幻、動畫、奇幻、冒險,7.8,https://img3.doubanio.com/view/photo/s_ratio_poster/public/p2909217327.jpg,2023-04-05,"馬力歐（克里斯·帕拉特 Chris Pratt 配音）和路易吉（查理·戴 Charlie Day 飾）是生活在布魯克林的兩名水管工，他們剛剛成立了自己的小公司，但很顯然，他們的家人並不完全支援兄弟兩人的這份事業。某日，在工作中，馬力歐和路易吉被水管吸入到了一個光怪陸離的世界之中，兩人在旅途中被迫分開，馬力歐來到了由碧姬公主（安雅·泰勒-喬伊 Anya Taylor-Joy 配音）統治的蘑菇王國，而路易吉則不幸的被傳送到了由酷霸王（傑克·布萊克 Jack Black 配音）統治的庫巴王國。
                                    
                                　　此時，酷霸王正準備大舉進攻蘑菇國，擄走公主並和她結婚，在這個節骨眼上，馬力歐的出現帶給了碧姬公主希望，她帶著馬力歐來到了叢林王國，請求那裡的國王和王子（塞斯·羅根 Seth Aaron Rogen 飾）的支援。",美國 / 日本,唯物主義者也想問問，人死後能不能上任天堂,劇本也就是ChatGPT的水平。,全是彩蛋，沒有一點故事,"如果一部作品改編求助於彩蛋或者說“內部梗”才得以完成，它的完成度堪憂。
當特定且穩定的一部分觀眾群體勸你忽略故事的單薄，你該“警惕”了。",這片裡的劇情就像魚香肉絲裡的魚
穿靴子的貓2 : (臺),喜劇、愛情、動畫、懸疑、歌舞、奇幻、冒險,8.1,https://img1.doubanio.com/view/photo/s_ratio_poster/public/p2885032978.jpg,2022-12-23,時隔11年，臭屁自大又愛賣萌的貓大俠回來了！如今的貓大俠（安東尼奧·班德拉斯 配音），依舊幽默瀟灑又不拘小節、數次“花式送命”後，九條命如今只剩一條，於是不得不請求自己的老搭檔兼“宿敵”——迷人的軟爪妞（薩爾瑪·海耶克 配音）來施以援手來恢復自己的九條生命。,美國,意外，太意外了，上一部就是個單純賣IP賣萌的作品，但是這一部花心思寫故事了，雖然是個套路的故事，靴子貓對死亡恐懼，金髮妹想要的家，這些都花心思寫了，不僅僅是用於服務低幼觀眾的亂玩梗，可能也就反派大拇指寫的潦草一些。死神的形象太帥了，幾場戲排面MAX，Furry老公又多了一個，夢工廠現在轉向Furry區製造廠了麼？,這部電影最絕就是條狗。你知道現實生活狗狗就是這樣子，他會不離不棄，所以他一睡在你的肚子上面，你就決定打5星。,我一直認為真正優秀的全年齡動畫總能滿足每個年齡階段。靴2小朋友可以看到自己熟悉的童話，可愛的人物和精彩的冒險故事。成人可以看到對人生的反思，名譽的追求，死亡的恐懼等等。四組人物，共同尋求許願星的故事，路途透過變化地圖展現了多種冒險，很多打鬥場景用了抽幀，和漫畫元素，風格很像《蜘蛛俠平行宇宙》，整體也呈現的是2.5D的感覺，比上一部強太多，毛髮細節和可愛程度翻倍。用美輪美奐來說毫不誇張，是我今年看過的最好看的動畫了。,真不知道這個世界沒有小狗還怎麼運轉！,一看就是得了好萊塢續集綜合症，但拍得還算有趣。不逃避死亡的命題也能戳中人心。果然貓貓還是要和狗狗搭配才能看出化學反應...
巴比倫 : (臺),劇情、喜劇、歷史,8.0,https://img9.doubanio.com/view/photo/s_ratio_poster/public/p2889092995.jpg,2022-12-23,"20世紀20年代的美國好萊塢，聲色犬馬，光怪陸離，醉生夢死。你方唱罷我登場，夢裡尋歡，不知歸處。默片時代造就了傑克·柯那德（布拉德·皮特 Brad Pitt 飾）和華裔女演員朱菲（李麗君 飾）這樣風華絕代的明星，也吸引著如墨西哥裔曼尼·託瑞斯（迭戈·卡爾瓦 Diego Calva 飾）、金髮女孩內莉·拉羅伊（瑪格特·羅比 Margot Robbie 飾）、黑人小號手西德尼·帕爾默（約翰·艾德坡 Jovan Adepo 飾）爭先恐後趨向這個物慾橫流的名利場。默片時代的最後一抹餘暉斂去，有聲時代造就了一批批的新星，也在逐漸淘汰如傑克乃至內莉這樣一度如日中天的名宿。
                                    
                                　　鼓樂喧天，歌舞昇平，縱情歡歌的人們，永遠無法看到那些默默退場的身影……",美國,導演想拍《好萊塢往事》，皮特想演《了不起的蓋茨比》，羅比想要《愛樂之城》，男主想象《貧民窟的百萬富翁》，珍想去《宿敵》，託比想到《小丑》，麗君想扮《一代宗師》，大家都有美好的未來，卻沒人許電影一個未來。,在南柯一夢的風流簇擁不再之後，在宴會廳偶遇老友寒暄之後，在給侍者一筆慷慨的小費之後，隨著音樂翩翩走回樓上房間之後，或許你能理解這時候開膛結束自己生命的美感嗎。在被追殺的途中跑進舞廳之後，在和深愛你的男人舞池相擁私定終身之後，又覺得不能離開這個用電影造夢之地，或許你能理解這時候不告而別，隨著音樂消失在夜色裡的美感嗎。在所有荒誕癲狂璀璨糜爛的派對全都散場之後，在所有恐懼落寞痛苦的記憶全部歸於平靜之後，或許你能理解，不論怎樣，我們還是會坐在漆黑的影院裡，為一場又一場的幻夢而流淚的美感嗎。,當鏡頭從打破第四面牆的蒙太奇切回坐在電影院裡的男主的時候 我和他是一模一樣的笑中帶淚表情 謝謝電影和做電影的人們,震撼到無以言表，真正的史詩。關於好萊塢最好的電影，真正的好萊塢往事。如同那段影評人與影星的對話一樣，這棟大房子誰都不在意。我們只不過是一個又一個浪頭。耀眼的那些也轉瞬而逝。但是那些電影，那些面孔，會留下來，在一百年後，還是一千年後，一個年輕人路過看到這個畫面，他會覺得似曾相識。強烈推薦電影史課放這部片子。太過迷影，而電影又值得著迷。今年最好的好萊塢電影。最後的混剪，讓我顫慄。,LaRoy把男的都叫去看她爸抓蛇的那場戲，Lady Fay Zhu像去對面gay bar問趙媽需不需要幫忙救火的鐵t
子彈列車 : (臺),喜劇、動作、驚悚,7.8,https://img3.doubanio.com/view/photo/s_ratio_poster/public/p2873950053.jpg,2022-08-03,影片根據日本天才作家伊坂幸太郎的小說改編，講述名為瓢蟲的殺手搭乘子彈列車執行簡單任務，卻發現車上還有其他殺手都在伺機而動。動作特技演員出身的導演大衛·雷奇利用《偷拐搶騙》般多線索並進的誤會式情節，將《殺死比爾》式的爽快動作戲與爆笑喜劇結合在一起，加上布拉德·皮特、喬伊·金等好萊塢明星與真田廣之等日本名角完美搭配，以及多處向日本流行文化致敬的小巧思，成就出一幕幕酣暢淋漓的過山車時刻。影片於2022年暑期檔上映後，收穫2.39億美元全球票房，成為近年來又一部賣座的亞洲題材好萊塢大片。,美國 / 日本,誰能想到一瓶bo'oh'o'wa'er成就了兩個反轉,一場昆汀+蓋裡奇的美籍演員主演的日本誇張動畫風格的好萊塢《瘋狂石頭》版的《殺手疾風號》。 布拉德皮特就像《追兇者也》的張譯，影片有著死侍風格的話癆型別元素，無厘頭荒誕爆點的黑色幽默，各路殺手出其不意的送命方式，R18的視聽效果，還有演員的輕鬆自如的表演都讓影片加分，不過各種雜亂無章的元素匯聚在一起，卻沒能像昆汀和蓋裡奇早期作品那樣玩得如魚得水，劇情的拼接感和角色動機都沒能順滑進入下一章，原本不復雜的劇情還有些刻意玩得複雜但不高明。如果喜歡黑色幽默殺手型別爽片的，可一看。,一個好爆米花電影，這年頭也不容易了,久違地爽到了，好萊塢爆米花該有的樣子。不過不得不說，這類電影總讓我覺得人類真是生命力頑強，通宵打架一身傷，早上還有精力吐槽。PS三個疑問：奧迪是不是沒給錢？Fiji到底給了多少錢？瓢蟲念念不忘的心理醫生，電話多少？,好亂 看的我好累…..（fiji水到底贊助了多少錢啊
瘋狂元素城 : (臺),劇情、喜劇、科幻、動畫、奇幻、冒險,7.1,https://img3.doubanio.com/view/photo/s_ratio_poster/public/p2891542432.jpg,2023-06-16,"曾幾何時，火焰一族的火柱和懷孕的妻子燈花背井離鄉，遠渡重洋，來到了元素城開始新的生活。經過十數年的經營，火柱老闆的雜貨店開得有聲有色，而氣竭力衰的他也開始琢磨將這家店傳給開朗熱情卻脾氣火爆的獨生女小焰。在獨自籌備某次促銷活動時，小焰家的地下室管道出現意外，她也進而邂逅了水一族的青年渡阿波。阿波感性善良，作為市政府檢查員，他不得不準備給這家店開出罰單。可是，這個店凝聚了小焰父親全部的心血啊！為了阻止阿波，小焰使出渾身解數。
                                    
                                　　而就在這一過程中，水火不相容的兩個人開始嘗試瞭解對方……",美國,東亞移民家庭小孩和有錢白男的愛情故事。看完的感受：東亞人人生好難，白男好天真，愛情好簡單,真的很亞洲，很移二代，帶著上一代的希望與愛，在迎合中成長，把一味盡孝消化成渾然不知的本能，害怕別人失望，卻習慣委曲求全……想到這，不用提彼此錯過的那個夏天（我總想到《斷背山》），也可以在飲恨中飲泣。還是那種禁戀故事，水與火，狐狸與兔子，人魚與人，美女與野獸/泰山/青蛙，王子與王子……一些化解偏見的前提，是出現了更震撼所謂三觀的事件，甚至更大的悲劇，而這本身就是悲劇，畢竟我們太多在乎的人，很難提前開明，更重要的是，我們太多人，不敢放過自己，放生自己，放飛自己，而等到飛出去，指不定會發現，仰視過高的地方，無非他人的尋常地表。豬頭皮兒是比不過了，但依然是很有趣的故事。能整出彩虹的Wade，還挺適合張敬軒來配粵語版的。,真受不了這麼浪漫的理想主義電影，Wade說“你給我的東西，有的人一生也未得到”的時候我爆哭，東亞人的一生就是在找尋自我以及與家庭和解中成長起來的，可惜不是每一個小火人都能找到治癒她的小水人的😢,題材很好，但編劇真的有問題，故事太片斷式了，一段一段的劇情非常不連貫，一開始還以為是有人要故意破壞火焰鎮，結果也沒有。。外媒口碑崩壞是可以理解的，因為男女主人設並不立體及很多行為邏輯都很牽強，配角也沒有出彩的，所有角色都變成服務於片斷式劇情的道具，和《動物城》豐滿的男女主人設以及各種出彩配角完全比不了。。總體挺失望的，但作為迪寶寶動畫的影迷還是給四星吧！父親對女兒說“你就是我的夢想”還是淚目了，雖然都是以前玩剩下的。。,包裝成愛情片的成長片，《瘋狂動物城》也講了類似的影射族裔問題的主題，怎麼過了一個十年不到，一大推抨擊其涉及現實問題的評論？另外談一個有意思的鄭智象徵：四大元素是古希臘人的說法，希臘人的實際鄭智生活中，“火”有著“高貴的野蠻人”之意味，比如希羅多德筆下的斯基泰人主祀灶神赫斯提亞崇拜匠神赫淮斯托斯，此二神都與火有關，而平靜的“水”則象徵商業與文明，從影片中富有都市氣息的水城和貧民窟一般的火鎮可以看出（2023.6.14 CMG融媒影城）
美國小說 : (臺),劇情、喜劇,7.7,https://img9.doubanio.com/view/photo/s_ratio_poster/public/p2902166424.jpg,2023-09-08,失意的小說家兼教授塞隆尼斯·“蒙克”·埃裡森（傑弗裡·懷特 Jeffrey Wright 飾）出於怨恨，用開玩笑的方式寫了一本小說，書中充斥著古怪刻板印象的黑人形象。不料這本書出版後大受好評，不僅獲得文學大獎，還被拍成電影。,美國,恭恭敬敬姿態超低的諷刺電影，拍給白人，也拍給黑人看。感恩裡面還加上了打下手的亞裔隱身人。非常寫實了。,黑人小說家因鄙視黑人文學這種分類寫了一篇全是黑人刻板印象的小說，結果得獎大賣不說還要被拍成好萊塢電影。諷刺感max的文學輕喜劇，對白人主導的虛偽政治正確火力全開。能把水深火熱的美國膚色議題變成一道甜點，多倫多人民選擇獎給得不冤。,在政治正確大行其道、DEI部門攻佔幾乎所有產業的當下，這片的諷刺力度簡直拉滿。但很可惜的是除此之外的家庭附線寫得味如嚼蠟，視聽語言更是毫無電影感，最後結尾非常雞賊的處理也明顯是導演自己都不知道該怎麼收尾了,我看看奧斯卡今年敢不敢給American Fiction,核心概念很強但這種【看完全片發現其實只看預告片就足夠了】的觀影感受是最糟糕的。有寫家庭肥皂劇的空間，拿去豐富女配角（黑人女作家）的線不好嗎…
伊尼舍林的報喪女妖 : (臺),劇情、喜劇,7.9,https://img1.doubanio.com/view/photo/s_ratio_poster/public/p2877252828.jpg,2022-09-05,"故事發生在愛爾蘭的伊尼舍林島上，這裡陰雲密佈，海風呼嘯，生活一成不變，枯燥乏味。單純樂觀的帕德里克（科林·法瑞爾 Colin Farrell 飾）和細膩敏感的科爾姆（布萊丹·格里森 Brendan Gleeson 飾）是一對相交多年的莫逆好友。可就在某個毫無徵兆的早上，科爾姆卻不在與帕德里克同行，而是獨自前往酒館小酌。帕德里克百思不得其解，求問原因，而昔日好友卻不願意和他多言，只是決絕地要切斷這份友情。無論是帕德里克，還是島上的居民，都對這場變故大為不解。但科爾姆似乎決心已定，甚至不惜剪斷手指以嚇退一次又一次跑過來搭訕的帕德里克。
                                    
                                　　昔日友情不在，風中迴盪的是誰的哀嘆和嗚咽……",愛爾蘭 / 英國 / 美國,這部才應該叫《分手的決心》！,反冷暴力宣傳教育片,"男朋友變了，覺得無聊要跟你分手了。
你卻想方設法想和他多說幾句話。
他覺得和你說話是在浪費生命，
甚至切了自己的手指扔到你家門上，
你還在想著：他沒有扔在我身上，一定是因為愛我。
(love fades",4.5。之所以喜歡，是因為覺得它與當下十分relevant。畫面遠處內戰的炮火，近在眼前卻彷彿又和自己無關的戰爭，好像在影射著什麼。動盪的時代勢必會左右人的思想，我們寄希望於調整人際關係去適應瞬息萬變的環境。但在一個你無法隨意“按下刪除鍵”斷交好友的時代你需要為友誼的破裂，或者割席所有人際關係，承受多少肉體和心靈的代價。麥克唐納寫的是現實寓言，用這個故事下探人性的深度。善良與暴行也許並不對立。或許最好的辦法就是像Siobhan一樣選擇離開。（LFF2022，RFH）,始於兩個男人戛然破碎的友誼，一方堅定絕交，一方倔強挽留，荒唐滑稽的人際危機在分歧、糾纏、困惑中逐漸演變成極端瘋狂的暴力事件，切斷手指以表決心，焚燒房子以雪前恥，人物帶著神經質的古怪與偏執走向毀滅，麥克唐納用虛構島嶼上人與人的對立決裂巧妙影射歷史上真實的愛爾蘭內戰，隔海內陸無休無止的槍火仍未終結，閉塞孤島愈演愈烈的鬥爭還將繼續，淒厲的鐘聲猶如女妖報喪，溫柔的海浪衝刷不淨復仇餘燼，在偏激的自我對抗中淪墮為伊尼舍林的永世囚徒。愛爾蘭自然風光和凱爾特民俗神話裝點寓言故事，外加招牌式黑色幽默，最大限度抽去戲劇化元素，表面冷靜剋制，核心則更加虛無，從善與惡、俗與雅的矛盾撕扯裡窺見人性的複雜多面，荒誕中透著徹骨的壓抑和悲涼。除去流暢的劇本和精彩的表演以外，攝影、配樂以及色彩運用都堪稱一絕。
留校聯盟 : (臺),劇情、喜劇,7.8,https://img3.doubanio.com/view/photo/s_ratio_poster/public/p2902526533.jpg,2023-08-31,預科學校巴頓學院的老師保羅（保羅·吉亞瑪提 飾）不太受歡迎，不管是學生、老師還是校長，都不太喜歡他，他們覺得他浮誇又僵化。在1970年的聖誕假期，保羅留在了學校監督無法回家的學生。幾天後，只有一個學生留了下來——一個名叫安格斯的15歲搗蛋鬼，他是一個被不良行為破壞的好學生，總是在被開除的邊緣試探。與保羅和安格斯一起留下的還有學校廚師長瑪麗，一個為特權階層的兒子們提供服務的非裔美國婦女，她自己的兒子最近在越南失蹤了。這三個截然不同的失意者組成了一個奇怪的聖誕家庭，在新英格蘭大雪紛飛的兩個星期裡，分享著不幸經歷，並意識到他們中沒有人感謝自己的過去。,美國,亞歷山大·佩恩重回水準之作。就像開頭復古的分級標誌和片廠logo，在2023年還能看到這麼一部老派傳統，真摯感人的聖誕電影，實在是太難得了,死亡詩社+觸不可及的vibe，溫情暖心又笑料十足，建議加入聖誕節必刷片單:),成年人的家人是自己攢的,在美國的第九年，沒有一個假期是在家人身邊度過的，但是一路以來一直有幸遇到許多好朋友好老師，非常快樂～,離成為新的經典聖誕電影還是差了那麼一點意思。2023年了亞裔配角的形象設計和故事情節依然引起強烈不適..
職業殺手 : (臺),喜劇、動作、愛情、犯罪,7.0,https://img3.doubanio.com/view/photo/s_ratio_poster/public/p2908994553.jpg,2023-09-05,榮獲奧斯卡金像獎提名的導演理查德·林克萊特執導的這部光鮮亮麗的新黑色影片由格倫·鮑威爾主演。他在片中飾演刻板的教授加里·約翰遜 — 新奧爾良警察局的一名兼職假殺手。加里有著異乎尋常的天賦，擅長偽裝成不同的人，來抓捕那些希望擊退敵人的倒黴蛋。當他被一個潛在罪犯吸引時，他陷入了道德困境：這個罪犯是一個名叫麥迪遜（阿德里婭·阿霍納飾）的美麗年輕女子。當麥迪遜愛上加里扮演的殺手角色之一（神秘性感的羅恩）時，他們的曖昧關係引發了一系列的連鎖反應，包括演戲、欺騙和不斷升級的賭注。《Hit Man》由林克萊特和鮑威爾共同創作，改編自一個令人難以置信的真實故事，是一部巧妙描寫身份的存在主義喜劇。,美國,#RFH #LFF #Specialpersentations 長評-師傅，您是做什麼工作的？開始覺得電影是以本我，自我和超我對演員這個群體進行一種解構，中段則感覺是一部比較剝削的黑色幽默電影，到她丈夫死了才感覺到本片是對黑色電影的一種解構，以“蛇蠍美人”“落魄警探”和“性”為出發點設計的人物很豐滿，尤其是男主丟失自我以無意識的本我驅動進行的情節推動算跌宕起伏了，劇情設計的也挺巧妙，而黑色幽默的笑料也非常能契合這種荒誕的劇情。鏡頭整體很不錯，正反打的時機也很好，有兩場剪輯比較突兀，色彩整個呈現暖色契合風格。聽覺上主要有一場心動的感覺比較突出，主要是臺詞比較逗笑，感覺有作為邪典片子的潛質。不太喜歡的可能就是比較套路的情節設定和這電影的角色感覺是刻板印象大合集吧。,再優秀的故事，奈飛一改編，也就相當平庸了。,"＃Venezia 80
4+
自然不是芬奇的冷酷的The Killer，是發掘出本我後使其與自我最終達成平衡的風趣斜槓青年／中年。幽默感從頭延續到了片尾字幕，除了結尾（虛構部分）略顯失諧，其他部分均很穩健上頭，觀感輕鬆。",6.5。帶有林克萊特絮絮叨叨特色的好萊塢輕喜劇小品。同樣是解構老電影中的冷麵殺手形象，林克萊特還是比芬奇成功多了。,從moment seizes us到seize the identity，淪為無可救藥的廉價
生無可戀的奧托 : (臺),劇情、喜劇,7.6,https://img3.doubanio.com/view/photo/s_ratio_poster/public/p2888752193.jpg,2023-03-24,"“毒舌老大爺”奧托在妻子離世後鬱鬱寡歡、愈發暴躁，他一邊對社群裡不遵守規則的鄰居吹毛求疵、橫加指責，一邊悄悄計劃著“一場有尊嚴的離世”。隨著一個活力滿滿的年輕家庭搬入社群，奧托一成不變的生活迎來了喧鬧與驚喜，他的“計劃”也屢遭破壞。當鄰里間的溫暖與善意重新填滿奧托的內心，他的人生會發生什麼變化呢？
                                    
                                　　改編自溫暖全球的高分暢銷小說《一個叫歐維的男人決定去死》。",瑞典 / 美國,今天早上，家門口餵了一年半的流浪黑貓被車撞死了，上次喂他是昨天晚上。他一開始看到人就跑，後來慢慢放下警惕讓我摸，再然後每天晚上過來吃貓糧的時候會一直跟著我。他有一次耳朵被擦掉了很大一塊皮，全是組織液。我給他上了藥，餵了一點抗生素，給了很多貓糧。本以為他會傷口感染而死，但是九天以後又回來了。冬天極冷的時候會一個星期不來，我以為他凍死了，但最後還是會在某個晚上突然蹦出來。我看這部電影的時候想，Otto慢慢放下戒備接納他人的過程，有點像這隻小黑貓漸漸給予我信任的過程。我上班的路上為他哭了哭，然後一整天沒去想，但是寫這條評論的時候我的心好痛，忍不住一直流淚。,就挺費解，這種翻拍到底有什麼意義呢？就因為美國觀眾不願意看字幕？搞了部英譯版？觀感與coda特別像，都是一次兌了好萊塢糖精的賣萌產品。,帥 OTTO！,這個片子好不好的關鍵就是這個老逼頭子形象得讓人信服，越讓人噁心討厭越好，這樣他各種各樣感人或甜蜜的回憶殺才有反襯效果，瑞典原版的老頭子不用演，往那一站就像一隻兇猛的鬥牛犬，避之不及，湯姆漢克斯更像拉布拉多（抱歉為了比喻形象），氣場弱了不止三分，後來直接不裝了，阿甘附體吧。,美版比瑞典版更能打動我，可能因為湯姆·漢克斯是好萊塢最後一個好人吧，飾演這種外表暴躁內心溫柔的角色特別有說服力，就像看到了“飛屋環遊記”男主本尊。嗯，電影加入的跨性別情節也很溫暖...
復仇狗聯盟 : (臺),喜劇、動畫、冒險,7.3,https://img9.doubanio.com/view/photo/s_ratio_poster/public/p2897807305.jpg,2023-08-16,"該片為真人和CGI結合的R級喜劇片，講述被遺棄的小狗雷吉和其他流浪狗聯手報復前主人的故事。
                                        
                                    　　都說狗狗是人類最好的朋友，但是如果有個狗主人是個大混蛋呢？如果是這樣，復仇狗聯盟就該集結了。 雷吉（威爾·法瑞爾 配音）是一隻天真無邪、樂觀活潑的邊境㹴犬，儘管它被它的渣男主人道格（威爾·福特 飾）丟棄在大城市的殘酷街頭，雷吉卻仍然相信它最愛的主人絕對不會故意棄養它。但是當雷吉遇到一隻老是老愛飆髒話，講起話來像連珠炮一樣快的波士頓㹴犬小蟲（傑米·福克斯 配音），一隻熱愛自由的流浪狗，而且相信只有傻狗才需要主人，雷吉這才終於發現它的狗主人道格一直以來都在虐待它，而且道格是一個沒心沒肺的人渣。 為了向這種狼心狗肺的狗主人展開復仇，雷吉、小蟲和小蟲的麻吉——瑪吉（艾拉·菲舍爾 配音），一隻冰雪聰明的澳洲牧羊犬，然而它的主人卻因為又認養了一隻小狗狗冷落它；以及亨特（蘭...",美國,黃暴不分物種，屎尿屁R級套在狗狗身上，有趣的是有些狗狗的視角和觀點，臺詞尺度很大笑死人，最後簡直慘絕人寰。,"——“讓我想起了年輕的時候。”
——“你年輕的時候操過狗？”",港譯太精髓了：復仇憨狗聯盟…..尤其是用廣東話來唸。以後也沒法直視“三隻松鼠”這個品牌了..,警惕有毒的關係，停止自我pua，用折磨別人取代內耗自己😂love yourself,算得上是狗狗版的《香腸派對》，R級火力全開，黃暴的大麻屎尿屁喜劇，做的比較好的地方就是對於狗狗思維的展現區別於一般影視劇中的純粹擬人處理，但是整體的故事情節還是相對簡單和無趣，段子搶了情節，中後段非常拖沓。
小行星城 : (臺),劇情、喜劇、愛情,6.8,https://img2.doubanio.com/view/photo/s_ratio_poster/public/p2891847821.jpg,2023-05-23,影片被描述為“對生命意義的詩意沉思”。故事發生在1955年一座虛構的美國沙漠小鎮，鎮上正在舉辦一場年輕天文學家/太空人大會，原本的計劃是讓來自美國全國各地的學生和家長聚集在一起進行學術競賽並且爭取獎學金，但是卻意外被即將改變全世界的大事件打亂原來的行程。,美國,這不是一部安德森電影，而是一種安德森體驗。從《法蘭西特派》開始，wes就悄然轉變為愈發純粹形式主義，結構的變成細碎的，人文的變成抽象的，瀰漫著著“just keep telling the story”的後現代惆悵。但還是不免懷念起《布達佩斯大飯店》裡那個帶著本雅明和茨維格氣質的、言之有物的安德森,元素太多了，捨不得放手就變成玩具堆，雖然不是垃圾堆，但也很亂。Roman Coppola的加入幫助了很多但也就到這程度了。如果quarantine在小行星城的時間是三年，大機率人也要全瘋掉。,Literally nothing happened in the middle of nowhere. 從布達佩斯大飯店開始，Wes對於情感的表達以肉眼可見的速度迅速流失，直到小行星城完全消失殆盡。和法蘭西特派的觀感十分相似，儘管小行星城幾乎雜糅了過往所有作品的形式，延續了韋斯安德森式美學卻放棄了韋斯安德森式感性。戲中戲中戲抽絲剝繭之後，剩下的只有人到中年功成名就的白男導演的big ego。,美國電影院無字幕看的，沒有一幀看明白的。,從《法蘭西特派》開始，維斯·安德森就像是個病態的收集癖，每個新片就是他珍藏的一個個不同主題的玩具盒。盒子的結構、形式和具體藏品是那麼豐富、精緻、好看，但這一切又與觀眾的情感如此遙遠。這種收集癖甚至延伸到了電影中明星的堆砌，儘管巨星雲集為他作品的市場和電影節鋪墊了最安全的基本盤，但仍舊掩蓋不住其作品本身的零碎和乏味，最終再次淪為趣味和情懷的櫥窗。
猜謎女士 : (臺),喜劇,7.3,https://img2.doubanio.com/view/photo/s_ratio_poster/public/p2897822741.jpg,2023-09-09,"貌不驚人的閻安妮（奧卡菲娜 Awkwafina 飾）是一家公司的平凡小職員，許是性格的原因，又或者是種族的緣故，她在公司內就如同透明一般的存在，幾乎不會參與到集體討論中去，而他人也有意無意忽視著這個黃皮膚的女孩。這天，一通來自養老院的電話打亂了安妮的一切，她的媽媽與人私 奔，留給女兒的只有8萬美元的債務以及多年未曾謀面的姐姐珍妮（吳珊卓 Sandra Oh 飾）。珍妮與妹妹截然不同，她個性張揚，自在隨意，當然生活上也毫無規劃，一團亂麻。屋漏偏逢連夜雨，安妮心愛的小狗還被黑幫綁架勒索。這對姐妹花不得不為金錢著急。
                                    
                                　　偶然機緣，珍妮將安妮猜謎遊戲方面的特長公佈到網上，霎時間安妮便成為新生代的小網紅。這個社恐女孩不得不為了賺錢走到大眾面前……",美國,我們真的應該多一點“不完美”女主角，試問大陸哪部電影敢有一位駝背含胸的女主角還不嘗試去“改造”她,“女性在某方面表現不好時，人們會討厭她；女性在某方面表現太好時，人們也會討厭她”can’t be more true,"媽媽電話裡質問: who raised you ？姐姐回覆: nobody!
不能再東亞的一個moment.",更適合亞洲女寶體質的公路喜劇片,Jessica Yu + 吳珊卓 + Awkwafina光聽這個組合，就感覺像是一個好萊塢亞裔Dream Project，只是沒想到在今晚的全球首映，兩位搭檔在銀幕中的化學反應比我想象的還要強烈和有趣。（感覺這種片子好適合在滿座的電影院看，氣氛不要太好。
家庭計劃 : (臺),喜劇、動作,6.5,https://img3.doubanio.com/view/photo/s_ratio_poster/public/p2900158983.jpg,2023-12-15,講述一個住在郊區的父親（馬克·沃爾伯格 飾）在他隱藏的過往即將揭秘時、如何帶領家人逃亡的故事。,美國,聖誕月就該看點這種溫馨的東西,開開心心，就是喜歡看這種不動腦筋的電影,帶娃格鬥拆超市，Enya公路機車黨，死穴毒掌撂渣男，父子搭檔滅阿爺，十項全能大戰Nikita，ice ice baby~動作設計很一般，閤家歡元素還可以,"""At least you got a real name. I'm Van. I'm a vehicle."" 更好笑的是這個演員真名就是Van。",去掉開頭10秒，沒人能猜出是網飛、蘋果還是亞馬遜的電影。
雷恩菲爾德 : (臺),喜劇、恐怖、奇幻,6.1,https://img3.doubanio.com/view/photo/s_ratio_poster/public/p2886073492.jpg,2023-03-30,這個現代版吸血鬼德古拉的故事中，主人公是他忠心耿耿的隨從。雷恩菲爾德（尼古拉斯·霍爾特 飾），是史上最自戀的老闆德古拉（尼古拉斯·凱奇 飾）飽受折磨的助手。雷恩菲爾德被迫為他的主人尋找獵物，並且必須隨傳隨到，聽從他的吩咐做任何事，不管這些事情有多低賤。但是現在，在數百年來對主人唯命是從的服侍之後，雷恩菲爾德準備好想看看他在暗夜王子的陰影以外，是否能過另一種生活，但是他必須想辦法擺脫他和主人之間的依附關係。,美國,血漿很有B級片的味道，但也很像B級片那麼廉價。喜劇效果一般般，故事就像過家家，再加上幼稚的心理疏導，感覺這劇本就不像是人寫的。人類編劇：“ChatGPT，給我寫一個被職場PUA的員工反殺老闆的故事，加上吸血鬼元素和情緒價值。”,"全片亮點在於，惡魔僕人關係之於pua的相似之處，確實是反pua 血漿喜劇。
更重要的是，尼子好偉大一張臉在大銀幕供人欣賞，瓦藍瓦藍的眼睛真的很招魂。",把奧卡菲娜換掉觀感會好很多,想法還算有意思，但是真心想問，這種劇本拿去給資方的時候到底怎談到錢的，很好奇,整體無腦喜劇，3.5。尼子也太澀了，尤其是穿著毛茸茸的衣服，單膝跪下說“Master，I forsaken you.”我在影院裡簡直不能自已。眼圈一直紅紅的配上藍眼睛簡直絕了。那張臉簡直就是造福人類。
有史以來最棒的啤酒運送 : (臺),劇情、喜劇、戰爭,7.8,https://img3.doubanio.com/view/photo/s_ratio_poster/public/p2878186222.jpg,2022-09-10,"該片編劇為法雷利和《綠皮書》的聯合編劇Brian Currie及Pete Jones(《嘿咻卡》)，改編自紀實書《The Greatest Beer Run Ever: A True Story of Friendship Stronger Than War》，講述John ""Chickie"" Donohue的真實故事：越南戰爭時期的1967年，26歲的前美國海軍陸戰隊成員Donohue從紐約出發，去越南尋找正在當兵的三個兒時好友，給他們送去啤酒。",美國,有史以來最高估的《有史以來最棒的啤酒運送》…,啊？我看有人問怎麼現在還在拍這種土死了的電影，那請問為什麼現在還在打這種爛仗啊？,“真相不會傷害我們，謊言才會。扭曲事實的謊言和陰謀論才是傷害這個國家的東西...”,最悲哀的地方在於，這片子擱在之前四十年裡的任何時候公映都不錯，唯獨現在顯得不合時宜。所有的戰時連鎖反應都在重演，清醒的人一直清醒，狂熱的人依舊狂熱。哪怕把這樣的片子拍上一萬部，也無法阻止戰火重生。這其中，包含了善良與天真，終究無法融合的意識形態和總能把聖心變成傻缺的極端之徒。,我不喜歡彼得法雷裡的一點是，他總是輕輕碰觸，最終還是讓故事滑入無害的安全區域。但無論如何這是個好故事，或者它本應該是。
利刃出鞘2 : (臺),劇情、喜劇、懸疑、驚悚、犯罪,6.6,https://img2.doubanio.com/view/photo/s_ratio_poster/public/p2882492021.jpg,2022-09-10,貝努瓦·布蘭克迴歸，在萊恩·約翰遜的最新偵探故事中破解層層謎團。在這場全新冒險中，無所畏懼的偵探來到了希臘島上的豪華私人莊園，但他來到此處的方式和原因只是眾多謎題中的第一個。不久後，布蘭克遇到了一群性格迥異的朋友，他們在億萬富翁邁爾斯·布龍的邀請下參加年度聚會。嘉賓名單上有邁爾斯的前商業夥伴安迪·布蘭德、康涅狄格州現任州長克萊爾·德貝拉、新銳科學家萊昂內爾·圖森特、時裝設計師兼前模特比爾迪·傑伊和她盡職盡責的助理佩格，以及網紅杜克·科迪和他好朋友的女友惠斯基。如同所有優秀的謀殺題材懸疑片一般，該片中的每個角色都有自己的秘密、謊言和動機。如果有人身亡，所有人都難逃嫌疑。榮獲奧斯卡金像獎提名的電影製作人萊恩·約翰遜編寫並執導了《利刃出鞘：抽絲剝繭》，劇情緊接著前傳結束的地方繼續發展，並彙集了最新的全明星陣容，包括出演過前傳的丹尼爾·克雷格、愛德華·諾頓、...,美國,冤有頭債有主蒙娜麗莎心裡苦……,劇情不輸前作，案中案的小島劇本殺，感覺這個劇組真是從頭到腳的壕啊。丹尼爾·克雷格是怎麼做到基裡基氣但又土了吧唧的，他老公開門的時候我真的哈哈了一下...,一集的錢，可以拿去拍十三季《大偵探波洛》，季季9分的那種。,感覺這個反派人設有點浪費愛德華諾頓 還有比起推理 我更傾向於觀賞Daniel Craig和Hugh Grant演兩小時極品基老伴,前半段有點散漫不緊湊，最後又倒戈得太輕易，沒有那種圓滿的satisfying的感覺。。。不是很喜歡。但我還挺看好這系列拍下去的，現在認真做原創劇本的太少了
兜風 : (臺),喜劇,5.6,https://img1.doubanio.com/view/photo/s_ratio_poster/public/p2889392248.jpg,2023-03-17,講述了四名亞裔美國女性在穿越亞洲去尋找自己的親生母親時，是如何建立聯絡並發現瞭解和愛自己意味著什麼的真相。,美國,完成度很高，人物鮮活，比crazy rich Asians 好多了。目前看來，最近幾年能排片進大影院的亞裔故事都是同一種，中餐館家庭啊，回亞洲尋根啊，在美國感覺不融入啊。期待有一天，亞裔不用再在熒幕上講苦大仇深的minority story。那才是真正進入主流的標誌。,我們也只能在美國電影裡看到普通長相的亞裔女性出演所有角色了。,要不讓老美拍一拍黑人種棉花吃西瓜事？,尺度很～～大，前部分好笑，但後面有點cliche。但是為什麼白男拍《宿醉》就可以獲得滿堂彩，亞女就要被罵天罵地罵外表？（取景應該是在溫哥華，YVR機場看著太眼熟了，而且認出了好幾個我們舞室的老師,女團怎麼可能長這幾把醜樣
哥們兒 : (臺),喜劇、愛情、同性,7.2,https://img3.doubanio.com/view/photo/s_ratio_poster/public/p2873251433.jpg,2022-09-10,"今年秋天，環球影業將驕傲地推出首部好萊塢主要電影公司製作，關於兩名男同志，也許、可能、大概將會墜入愛河的愛情喜劇片。也許吧。不管怎樣，他們都會非常忙碌。
                                    
                                　　喜劇天才比利·艾希納、傑出的賣座電影導演尼古拉斯·斯托勒以及金牌喜劇導演/製片賈德·阿帕圖共同打造《哥兒們》一片，這是一部在這個瘋狂世界關於性、愛情及浪漫情懷，極具巧思、心醉神迷和暖心動人的喜劇片。",美國,同志喜劇很少能做到既好笑又走心還性感的，“哥們兒”算是意外之喜。更驚喜的是它從頭到尾都在冒犯異性戀，我幾乎能看到高貴順直男垮下個批臉的表情！比利·艾希納主導的劇本充滿私人傾訴欲，LGBTQ段子的密集程度我只在“威爾與格蕾絲”裡見到過。以“基佬是世界上最蠢的生物”作為底層邏輯，從不相信愛到鼓起勇氣試愛，需要克服的永遠是自己。當然懟完自己後就可以懟天懟地啦~,你們自己說男主煩不煩,OMG我真的笑到頭掉，差不多是我看過的最刻板的同志片吧，但是所有的標籤又精準地擊中你，以至於邊看邊高呼ya給子們就是這麼抓馬又蠢好嗎！比如多人運動的時候總有一個試圖融入但被冷落的人，比如裝man失敗母氣外露被現場抓包讓人瞬間萎掉，比如一個群裡的給子們聚在一起一定會聊各種女明星且non-stop（救命最後這點我真的也很想知道why實在太煩了哈哈哈），甚至毫不偽飾展現電話本子們date三個月be like“金婚”的狀態，等等吧。反正超級好笑超級冒犯但是又超級不judgemental，因為它是如此熱烈又直球又小心翼翼但又fuck off everything。誰不曾在感情中敏感脆弱又自我懷疑，懟天懟地搞砸一切但又假裝不在意，但不管你是什麼樣，總是有人值得你去放下戒備心哪怕只有一瞬，雖然cliche但真的很難不被觸動到。看到最後大家舞成一團，天吶他們真的好快樂哦。,肌肉崇拜、多邊關係、多人運動、賤兮兮的說話腔調、女同就是Dyke、基佬直男癌、當下流行的kinks、倆白肌肉主角一個多毛(RFC)一個光滑(Sean Cody)但是倆都是大乳頭……把同志圈裡所有的刻板印象都一股腦地堆砌起來，用小雞電影方式拍了個浪漫喜劇…不得不說還蠻好看的，各種pop culture的reference也是好笑到飛。關鍵是，iMAX屏上看肌肉同志電影，觀感有點像在iMAX影院裡看Sean Cody或者Treasure Island，體驗完美，故事就算了吧。,這部電影的主線其實就是一個幾乎已經被好萊塢遺棄的典型Rom-Com王子公主的童話，只不過這次的兩個主人公成了王子跟王子；雖然有點老套，但是這個屬於LGBTQ+的童話在大銀幕上來的實在太晚了！不過好在遲到不代表缺席！雖然相似主題的影視作品已經很多，但這般大規模上映，並讓人看得有淚有笑，的確值得褒獎。更不用提導演和編劇絞盡腦汁的把那些大家熟悉和不熟悉的LGBTQ+歷史資訊和流行文化大量塞進每一句話和每一個梗，並且做到處處有金句、句句夠幽默，真的是太難得了。
DC萌寵特遣隊 : (臺),喜劇、動作、科幻、動畫、冒險,7.2,https://img9.doubanio.com/view/photo/s_ratio_poster/public/p2741687784.jpg,2022-07-29,超狗小氪和超人是形影不離的好朋友。他們共享超能力，在大都會並肩作戰打擊犯罪。但是當超人和正義聯盟的其他成員被綁架時，小氪必須要說服一群收容所裡的小動物們，包括獵犬王牌、小胖豬PB、烏龜默頓、松鼠奇奇組成萌寵特遣隊，幫助他們掌握剛獲得的超能力，一起拯救超級英雄。,美國,為何今年小動物動畫裡反派都是豚鼠,故事非常弱智，如果主角不是萌🐶的話完全看不下去。編劇大概也是下定決心，將賣萌和搞笑進行到底，結局也是溫暖人心的大團圓。比較適合家長帶著小朋友去看的閤家歡影片。PS: 反派的造型真的看不出是豚鼠……,閃電龜龜不比埃茲拉·米勒討喜一百倍？,中規中矩裡帶一絲搞笑，主要亮點在於batman地獄笑話+batman superman的謎之cp感…,救命救命太可愛了😭😭😭每個超級英雄都必須配備一個寵物，不贊成不是人了
鱷魚萊萊 : (臺),喜劇、動畫、歌舞、家庭、奇幻,6.5,https://img1.doubanio.com/view/photo/s_ratio_poster/public/p2889064440.jpg,2023-04-15,"影片改編自風靡全球的同名繪本系列，肖恩·蒙德茲獻聲演唱鱷魚萊萊。
                                    
                                　　故事講述了小男孩喬希·普里姆跟隨父母舉家搬進大城市的新居，和一隻住在閣樓上、能舞會唱的鱷魚成為好朋友的奇遇故事。自帶歡樂屬性的鱷魚萊萊治癒了難以適應新環境的喬希，喬希也努力消除父母對萊萊的偏見。兩小隻開啟前所未有的都市歷險，歷經重重歡樂鬧劇，萊萊與普里姆一家最終成為了彼此的家人與夥伴。",美國,"Lyle, Lyle, Crocodile 念多幾次 唸到自己都發笑 哈哈哈 這片名太可愛了",可是它會抱尾巴哎。,喜歡唱歌的小鱷魚！有誰不會喜歡啊！小鱷魚戰勝了 stage fright，高歌一曲。,我還以為是愛洗澡的小鱷魚🐊,鱷魚帶著一家人翻垃圾桶吃垃圾是我沒想到的.....
黑幫老媽 : (臺),喜劇、動作、犯罪,6.9,https://img3.doubanio.com/view/photo/s_ratio_poster/public/p2888655252.jpg,2023-04-14,"Catherine Hardwicke’s new action-comedy, MAFIA MAMMA, starring Toni Collette and Monica Bellucci. MAFIA MAMMA is a hilarious, action-packed comedy about a suburban American woman who inherits her grandfather’s Mafia empire, and guided by the Firm’s trusted consigliere defies everyone’s expectations, including her own, as the new head of the family business.",英國 / 義大利 / 美國,男的ego過大的電影就是英雄片，女的ego大點的片子就打分就不行🤭,"男的別看^ ^
你們平常看龍傲天看的少了？換成女性主角就一個個在這叫  嗯嗯男寶是這樣的

電影裡的諷刺好真實，尤其是線上會議那部分   充滿了傲慢
以及  為什麼不是姬片———",短短100分鐘女主手刃了三個男的，到底是誰在不愛看啊？,女性拍的喜劇黑幫片，改編自女性寫的原創故事，真的怪可愛的，我瘋狂代餐，一個完全燃燒自己照亮別人的中年失意女人開啟新人生的故事，異性戀愛情慘遭cancel好好笑，唯一的遺憾就是Bianca沒有和女主搞姬！！！怎麼可以這樣bait我😭太gay了啊啊啊啊😭👊你都騎在黑幫媽咪身上了啊！！！！！！😭,片中的臺詞和類似的神韻都會讓人覺得好像另個意識的《美食、祈禱和戀愛》，被輕視和貶低的日常，轉換身份和目的地的“重啟生活”；但完全可以預料到的劇情和不願細究的鬧劇式呈現都嚴重浪費了兩位優秀女演員的工作。出發點是好的，但執行是可怕的。
絕對殺手 : (臺),喜劇、恐怖,6.5,https://img1.doubanio.com/view/photo/s_ratio_poster/public/p2898929059.jpg,2023-10-06,"After her mother is murdered on Halloween, a rebellious teenager travels back in time to 1987 where she must stop the young would-be-killer and get back to her rightful time line before she's trapped in the past forever.",美國,"意外地還不錯。

女主回80年代的一通驚訝，所以不止我們，全世界都是在幼態化，保守化嗎？",我好喜歡這個結局啊，也喜歡母女關係的主題。穿越和謀殺懸疑都是設定，不去深究。整體風格不錯，有趣，值得一看。,很無聊且沒邏輯的時間梗，片子質量被《忌日快樂》甩幾條街。。,一部關於我穿越過去救了我媽，導致未來多了一個很帥的同志哥哥的故事。爆米花電影，我們看得輕鬆，演員演的輕鬆。世上不能沒有恐怖片，哈哈！假期在家看看不錯，三星半吧！IMDB上也是6.5分，目前67分最多，16K人評分,"非常應景的萬聖節砍殺片。《回到未來》+《黑洞頻率》+《驚聲尖叫》+真摯而略顯尷尬的母女情，最後還順便致敬了一下砍殺界四大天王之一的“皮臉”麥克爾·麥爾斯。
琪蘭·席普卡的扮相顯得有些老態，相較之下，《忌日快樂》中的傑西卡·羅德的演繹更加靈動大方（99年的打不動87年的）。"
天堂門票 : (臺),喜劇、愛情,6.3,https://img3.doubanio.com/view/photo/s_ratio_poster/public/p2889755662.jpg,2022-09-14,喬治·克魯尼、朱莉婭·羅伯茨大銀幕再度合體，飾演一對早已離婚的夫妻被迫攜手合作，試圖阻止他們被愛衝昏了頭的女兒犯下他們曾經犯過的錯誤。本片是一部關於第二次機會帶來的甜美驚喜的愛情喜劇片。,美國 / 英國,吐了……芝加哥律師一畢業馬上到小島上做嬌妻😅,2.5 機長可愛。雖然誇大性緣重要性是浪漫喜劇立片之本，但像本片這樣過度神化一見鍾情、鼓勵剛出校門的年輕女性盲目為婚姻放棄事業挺缺德的,巴厘島版摘金奇緣，舒服養眼的小妞電影。大嘴和克魯尼的默契度也太強了吧，輕輕鬆鬆化學反應就出來了，在片場看他倆拍電影一定超有趣。演新郎的亞裔小哥蠻帥的，好萊塢提拔一下吧別再搞些stereotype Asian出來嚇人了...,"就是那種你一眼能看到頭的美式Rom-com，但就是好看就是輕鬆，不得不說好萊塢老牌影星氣質太迷人了，克魯尼跟羅伯茨的化學反應太奇妙了，年紀大了又怎麼樣，那都是歲月的積澱啊，看他倆人拌嘴我真的笑到頭掉。整個片子倒也沒什麼好多說的，但就是讓你掛著痴漢笑開心地看完，這年頭還在拍這種規規矩矩的愛情喜劇也挺難得。在整個世界愈發四分五裂的今天，它也沒什麼企圖心想教育你，就是老老實實地告訴你，成人生活很糟爛，婚姻會破裂，感情會淡去，ya that's true，但總有些事情，總有些時刻，會要讓你再去相信一次。假嗎？當然假。但又何嘗不是一種美好呢？畢竟，you gotta believe in something, even though it's so unrealistic～不是嗎？",白人中產階級的無聊童話
謀殺疑案2 : (臺),喜劇、動作、愛情、懸疑、犯罪,5.9,https://img1.doubanio.com/view/photo/s_ratio_poster/public/p2889009959.jpg,2023-03-31,四年前，尼克（亞當·桑德勒 飾）與奧黛麗（詹妮弗·安妮斯頓 飾）生平第一次偵破離奇命案，如今他們全心投入私家偵探一行，生意卻一直不見起色。當他們受邀參加印度王公好友（阿迪勒·阿赫塔爾 飾）在私人小島舉辦的婚禮，麻煩卻再度找上門：慶祝活動才開始，新郎就成為肉票，光鮮亮麗的賓客、親友，甚至新娘本人，個個脫不了嫌疑。這件案子雖然危機四伏，尼克與奧黛麗卻可能因此讓偵探社起死回生，還能得償夙願，暢遊花都。,美國,典型美式胡鬧喜劇片,同樣是致敬阿婆的荒島劇情，老夫老妻組大勝前邦德的Glass Onion，是不是說明在這個無新路可走的年代，走搞笑路線還是會更容易一些？,不讓丹尼爾克雷格來演米勒真的是電影史上一大遺憾,怎麼會這麼聒噪⚡️,變得更蠢了，但沒第一集養眼
星條紅與皇室藍 : (臺),喜劇、愛情、同性,7.6,https://img1.doubanio.com/view/photo/s_ratio_poster/public/p2896539228.jpg,2023-08-11,"Alex Claremont-Diaz（泰勒·扎克哈爾·佩雷斯 Taylor Zakhar Perez 飾）身為美國總統之子，在國家中是如同王子一般的存在，同時也是他的母親，美國首位女總統Ellen Claremont（烏瑪·瑟曼 Uma Thurman 飾）的智囊團成員。
                                        
                                    　　然而，成為知名人士也有其不利的一面，當他與其宿敵—來自大洋彼岸英國的Henry王子殿下（尼古拉斯·加利齊納 Nicholas Galitzine 飾），兩個人在Henry兄長大婚晚宴上爭吵的照片，被披露給八卦小報，嚴重威脅到美國與英國之間的關係。為了控制住情勢，他們不得不在非常時期採取特殊手段：聯手偽造Alex與Henry之間的好友關係。Alex為了幫助母親抵禦嗜血的對手，已經十分忙碌，他最不需要的就是一個拖慢他工作效率的王子。然而在被迫相處之下，Alex逐漸發現，也許Henry...",美國,"芭比世界成真版，女人搞事業男人談戀愛，女總統，女幕僚，女特勤，年輕女政治家，黑人女首相，老年女主播:“你媽媽就是權威的代名詞。”
夢幻，浪漫，且平權，完美的暑假童話😭😭😭",咱們美利堅有意思哈，拍個甜文小黃片，都要清楚明白地寫出來「我是有更多選擇的雙性戀，你不列顛是隻能愛男人的純gay」「我是1，你不列顛要臣服在我的胯下」「我是自由、先進與理想，你不列顛是等著被我拯救的陳舊、固執與無情」。我看，美利堅在封建雞賊上，確實也是不遑多讓。,科幻片,一款非常適合午後逃離現實的、晉江長佩原耽小甜餅的、封建貴族的的、傳教士體位的、傲慢與偏見的、一見鍾情的、雙向暗戀的、網戀奔現的、zzzq拉滿的、迪士尼式王子與公主的現代童話。全片數度讓我爆笑出聲，一種我姥姥都不會這麼寫故事的尷尬感😅但放在現代的殼子裡，配以標誌性的鋼琴泳池舞會農家樂吊床必備場景，點綴santal33和花樣年華元素，呈現出荒誕、突兀又愚蠢的甜蜜來。無論如何看完令人開心，挺好,非常想在烏菲齊美術館、梵蒂岡博物館雅典學院、佛村美院大衛雕塑下邊、大英博物館帕臺農神廟那裡幹這對情侶做的事，誰懂？封神應該學，第二部改拍殷商紅和西岐藍。
特技狂人 : (臺),劇情、喜劇、動作,6.7,https://img2.doubanio.com/view/photo/s_ratio_poster/public/p2907907131.jpg,2024-05-17,"特技演員為愛犯險，翻身做主角。
                                    
                                　　科爾特·西弗斯（瑞恩·高斯林 Ryan Gosling 飾）是一名特技演員，就跟這個行業的每一個特技演員一樣，他常常被炸飛、輾壓、破窗而出以及從高處墜落地面，全都是為了娛樂觀眾。如今，他才剛因為意外受傷幾乎被迫無法再從事特技表演，平凡的科爾特必須找到失蹤的電影明星湯姆·賴德（亞倫·泰勒-約翰遜 Aaron Taylor-Johnson 飾）、破解一個陰謀，並且贏回他一生摯愛喬迪（艾米莉·布朗特 Emily Blunt 飾）的芳心，同時還要繼續當一名特技演員。分身乏術、焦頭爛額的他有可能一帆風順嗎？",美國,"Although I don't know why everyone posts in English, I also want to post a paragraph",bro think he is 李桑·阿爾·蓋布,特別無比cliché 最後的迷影段落拯救全片（演stuntman還必須得請stuntman蠻諷刺的）,影評區能不能別花裡胡哨的寫什麼英文，我看不懂還得專門去翻譯。海外留學工作的都給我注意點。😜,不能說他難看 但很難說他好看
小小惡信件 : (臺),喜劇,7.7,https://img3.doubanio.com/view/photo/s_ratio_poster/public/p2902162282.jpg,2023-09-09,講述了1920年代英國海濱小鎮的一樁荒誕新聞，當地伊迪絲·斯旺和愛爾蘭移民羅斯是鄰居，當伊迪絲和其他居民開始收到匿名信件時，羅斯被認為是始作俑者。然而，當以警官格拉迪斯·莫斯為首的鎮上婦女們開始自行調查這起事件時，她們注意到事情有些不對勁，羅斯可能根本不是罪魁禍首。,法國 / 英國,一個“女人何苦為難女人”的故事，輕鬆詼諧，笑點頻出，核心其實還是跟女權沾邊，脫離父權才能做真正的自己。Olivia Coleman和Jessie Buckley的表演都如神來之筆，她倆的表演讓這部電影的可看度變高。,英韻風華大賞。表面女性互害，實質女性互助，齊齊鬧爆這催人扭曲的惡毒家長制。,近期院線最佳，兩個女性以不同語言方式對父權的反抗，又戲劇性地成為了衝突的雙方，戲劇張力十足，女性互助題材的正面拍法。奧利維亞的微表情太豐富了，每個女性角色都個性鮮明。結局作為東亞孩子看破防了，小的時候沒少因為反叛的憤怒寫下一段段邪惡的語言，卻從未有勇氣說出口來。感謝文字和電影的力量。,改編自1943年第一部經典法國黑色電影《烏鴉》。電影使得“烏鴉”成為“惡意匿名舉報人”的代名詞。這些老梗在這部新拍的英式黑色喜劇中被玩成了時興的女性話題，成為一部辛辣勁道地抨擊父權的爽片。哪裡有壓迫，哪裡就有啪啪打臉。奧利維婭·科爾曼vs傑西·巴克利這對cp太好磕了，她們是一枚硬幣的兩面，表面潑皮者內心純良，外在端莊者包藏邪火，一對兒辣妹子辣妹子辣不怕的軟硬天師！,cineville 190 @Cinecenter 英語荷字 想扣女性議題把故事講得妙趣橫生但其實浮誇刻意。我果然偏好夏布洛爾
復仇少女組 : (臺),喜劇,6.6,https://img3.doubanio.com/view/photo/s_ratio_poster/public/p2877681022.jpg,2022-09-16,德烈亞（卡米拉·門德斯飾）是校園裡的頭號時尚女孩。在她的性愛錄影被洩露給整個學校後，她的整個生活陷入了水深火熱之中，而洩露之人似乎就是她的男朋友 — 校園之王馬克斯（奧斯汀·艾布拉姆斯飾）。埃莉諾（瑪雅·霍克飾）是一個有點笨笨的轉校生，她現在必須和她之前學校的惡霸卡莉莎（艾娃·卡普麗飾）成為同學，她對此感到十分憤怒。13 歲時，卡莉莎曾在夏令營裡開始散播關於她的惡毒謠言。在一次網球夏令營的私下邂逅後，德烈亞和埃莉諾形成了意料之外的秘密聯盟，決定聯手對付欺負她們的人。,美國,Eleanor和Gabbi再來一部電影，我願意給5星。,塔莉亞和瑪雅多點戲份就好了,就…如果不是瑪雅妹妹真的很難看進去（。後面party那個鏡頭殺瘋我*&@&$^演Gabbi的那個妹妹也好漂亮。片尾曲居然是Dreams本熱戀琪批DNA動了,6.3/10 能把一個喜劇復仇片拍的如此寡淡雞肋也是一種水平，然後一看導演是雷神4編劇就明白了…無聊到連看美女相互搞姬都無法提起興致。,"只是為了maya看的，沒想到talia也在，兩位能不能單獨拍個劇給我看。很喜歡的一段對白 （i want her to hit me with her Tesla and then reserve back over me, I want her to stuff me like a taxidermy doll and then mount me on her wall like a prize. I want her to hide my body in the woods and then start the search party trying to find me."
熊嗨了 : (臺),喜劇、驚悚,5.6,https://img9.doubanio.com/view/photo/s_ratio_poster/public/p2884462124.jpg,2023-02-24,"講述一群警察、罪犯、遊客和青少年全都聚集在美國喬治亞州的一座樹林，樹林中有一隻將近230公斤重的頂級掠食者黑熊，吞食了一大堆可卡因，導致它野性大發、大開殺戒，血流成河。
                                    
                                　　故事靈感來自發生在1985年的真實事件，一名毒販的飛機失事墜機，遺失了一批可卡因，結果被一隻黑熊吃掉。",美國,尺度是R級的，價值觀是PG-13的，整體是停在安全區裡的創作，但當作具有短效續命功能的爽片倒也不難看，前提是你能get到片子裡那些笑點的話,6.1 小妞電影式的人物寫作與b級虐殺片的故事邏輯產生了奇妙的化學反應，刪了格格不入的母女線多加兩個來送的路人進來會更好看。,大母熊剛嗨那會還真挺帶勁兒，手撕公園管理員和救護車一段是全片高光，可惜高潮來得太早，洩得太快。本來以為會是一部從頭樂到尾的R級爽片，只可惜後面的大半部分白瞎了。,熊嗨了？熊怎麼嗨了？熊為什麼嗨了？一個看似無厘頭荒誕的故事，但這一無厘頭荒誕的故事又是基於現實取材於現實的，它是現實的一部分，也是現實之荒誕的所在。,喜歡這種對當代好萊塢政治正確配方不管不顧，迴歸爽片本質的電影。從剛開始的多線敘事，到之後毫不縮水的血腥暴力，加上幽默與驚悚都有一點，在這個時間點也算是稍微超出了預期。不過影片的結尾高潮戲無論是佈景還是情節都有點潦草，沒能匹配上前半段的質量
我的罪行 : (臺),劇情、喜劇、懸疑、犯罪,7.3,https://img2.doubanio.com/view/photo/s_ratio_poster/public/p2886288431.jpg,2023-01-21,窮困潦倒的女演員瑪德琳和好友律師波琳蝸居在一個小公寓內，每天不厭其煩的應付著各種債務的催繳。這天，一位警察找上了門。原來著名製片人蒙費朗被人在家中槍殺，而在之前到訪過蒙費朗家並被其性騷擾的瑪德琳成為了頭號嫌疑人。不僅如此，瑪德琳還有一支手槍。在警局問詢的過程中，瑪德琳和波琳想到如果以正當防衛認下這個罪行，不僅不會坐牢還有機會出名。現實也與預想無二，瑪德琳從法庭全身而退，甚至因為她的精彩證詞和波琳的辯護二人聲名鵲起，過上了富足的生活。眼見兩人名利雙收，真正的兇手坐不住了，她找到兩人要錢。預見到事情敗露的悲慘結局後，三人提出了合作。最終三人合作出演了以此案為藍本改編的話劇《蘇澤特的磨難》。,法國,三星半//太好笑了 看似girls help girls實則只是一場資本逐利的雙贏 都是些成年人 名利一個都不要放過//畫面奇妙混合了粗製濫造的拙劣模仿與精緻華美的復古腔調 故事本身也足夠莫名其妙和辛辣風趣//律師小姐的眼神確實看起來不算清白（。她最好的獨白是她一手撰寫 被指與演員小姐同床卻只能聲辯是因貧寒而需取暖 我哭好大聲 拉子在哪個時代都不容易//於佩爾還好只在後半段出現 她一出現幾乎直接讓他人黯淡//還有空諷刺默片演員 人家只是事業轉型困難啊（。//電影果然一百分鐘左右最讓人舒適,抱著“看看歐容悄沒聲息地又拍了什麼鬼東西”的心態早起來看，沒想到收穫了本屆上影節笑得最開心的一場。,如果是男性領銜，這故事就幾乎是一個標準體的松本清張：社會名流、犯下命案、當庭審判、往事回首、痛哭流涕、一場人倫悲劇。歐容將視角焦點轉給女性之後，就竟然變身成了一出社諷喜劇？而且無需閃回追憶，從庭審到謝幕，全都順序遞進，更有趣地是，期間每次變數轉折非但不會製造危機，反而最終又多加進來一個甚至多個幸福結局的參與者……正所謂，沉舟側畔千帆過，製片死了全是春！,歐容實在太內涵了，此片一出，應該得罪了不少人吧。可還是覺得劇作很精巧，第一層在拍女性主義，第二層貌似反轉，諷刺女性主義成了女性獲得名利的捷徑、一門生意。直到最後一層，女性只不過利用了男權世界裡對女性主義那種自以為是的想象。如果可以公平地得到原本屬於她們的對待，她們本可以不用兜那麼大個圈子。,殺瘋了 歐容像是拿著片中那把手槍一通亂髮 乍一看他好像擺爛的司法系統那樣 已經放棄透過文字內部尋找和打磨影像與戲劇/文學的平衡了 但實則是隔著年代的面紗和me too語境下的女性處境自成互文 蠢得要命口吐白沫陰暗爬行的老白男 用陳詞濫調汙名化女性的正當維權 看似荒誕又如此現實 女主角們則透過表演觸碰著虛構和真實的漸近線 透過說謊抵達了真誠 (有些地方過於離譜 也讓整體故事線在女權和反女權的邊緣反覆試探)尤其在那場戲劇衝突與笑料齊飛的法庭戲 律師姐姐寫的總結陳詞/臺詞對女性處境的洞察是如此振聾發聵 果然姛是對性別議題更敏感且天然地更接近女權的
飛鴨向前衝 : (臺),喜劇、動作、動畫、奇幻、冒險,7.2,https://img9.doubanio.com/view/photo/s_ratio_poster/public/p2900212574.jpg,2023-12-08,"寧靜的池塘中，生活著安逸自在的野鴨一家。人過中年只圖現世安穩的鴨爸麥克（庫梅爾·南賈尼 Kumail Nanjiani 飾），對當前的一切分外滿足，根本不想有任何改變。可是一雙兒女——兒子達克斯（卡斯帕·詹寧斯 Caspar Jennings 飾）和女兒格溫（特雷西·加扎爾 Tresi Gazal 飾）——正值青春年少，急切地希望看一看外面的世界。耐不住家人的軟磨硬泡，麥克只得硬著頭皮，帶著孩子們和老婆帕姆（伊麗莎白·班克斯 Elizabeth Banks 飾）以及丹叔叔（丹尼·德維託 Danny DeVito 飾）前往長途奔襲牙買加。哪曾想這一路充滿艱辛和挑戰，麥克一家先是迷失了方向，緊接著遇到各色各樣的陌生人和驚險刺激的事件。
                                    
                                　　這真是一次難以忘懷的南遷之旅……",美國 / 法國 / 加拿大,嘎嘎boring🦆,純純流水線標準化產品，明年換成雞還能再來一次。,超過12歲就別專門去電影院浪費時間和錢了，這大冷天的……而且開頭莫名其妙附贈的小黃人短片又是什麼鬼，以為買錯票走錯廳放錯電影了呢,3.5，高出預期的動畫片，可可愛愛，有幸跟陌生的九歲女孩一起包場，全程在給她翻譯(≧∇≦),在童話的世界裡，冒險永遠輕盈可愛，旅程始終刺激充實，遠方也在那裡等著勇敢的人抵達。雖然不想承認，但我在看到他們終於飛到想要的那片星光閃閃的海時，確確實實哭出來了。感謝世界還有童話，還有相信童話的人。
不要太期待世界末日 : (臺),喜劇,7.8,https://img1.doubanio.com/view/photo/s_ratio_poster/public/p2902389739.jpg,2023-08-04,"一名超負荷工作、工資過低的製作助理不得不拍攝一部由跨國公司委託拍攝的工作場所安全影片。
                                    
                                　　但一位受訪者發表的宣告迫使他重新編造自己的故事，以適應公司的敘述。",羅馬尼亞 / 盧森堡 / 法國 / 克羅埃西亞,羅馬尼亞人真的跟老中人沒有血緣關係麼？,"9.1 拉杜裘德的《週末》，大羅馬尼亞娜娜的一天見聞，如此下沉低俗又堅定立場地抓緊當代語氣的荒謬與可笑。可能正是有徹底放下道德底線開地獄笑話的勇氣，才能如此精準且有力地抨擊這個時代的疑難病根:一個娛樂至死的永動機，每個人都深陷其中，每個人都在推波助瀾。如今的""真實""已然比世界末日還要罪惡不堪，只能從過去的""虛假""之中尋求慰藉，但也許這世界一直都是一灘爛泥。",可以用TikTok換掉一張臉，也可以在Zoom裡一鍵換掉臉以外的背景，電影又在結尾更悲觀地告訴我們，幾塊綠色紙板，你可以輕易換掉一切。兩年前，幾乎是拍出了第一部真正的疫情電影的拉杜·裘德在詰問道德的虛偽，現在他與我們都早已發現道德，尚還是虛偽中得體的一面。純真年代計程車上的幾次交錯就能緊緊繫起兩人的繩結，如今開遍灰暗的街道，找一個能博到觀眾同情的謊言。虛假的盡頭則末日般走向人際信任的消解：懷疑悲憫，懷疑動機，懷疑痛苦。與此同時，拉杜•裘德也同樣在懷疑電影：它們不是為你演，只是希望你傷心。所以那個事故與視覺上犬牙交錯的長鏡如此必要，人心難測，小心被騙。最後一幕女主不經意的“無情”則轉瞬打破觀眾長時間跟隨她的共情，失落迅速攀上心頭：不要太期待世界末日，今天也許更糟。,“More nothing.”廣告業、短影片……幾乎是我在這個時代最討厭事物的合集。透過一個PA嚴重缺覺痛苦工作的日常拍傳媒變態與人之異化的齊頭並進，內裡都是真正的虛無。各類“症狀”塞得太滿了點，但很喜歡其中的黑色幽默。一部拍給影評人/知識分子看的純粹電影節電影——倒也不是貶義，只是觀影門檻立在那兒了：你至少得對流行文化和影史經典有足夠了解才能明白作者安排角色一本正經講出來的好笑或不好笑的笑話有多滑稽。得了解基礎羅馬尼亞歷史來看關於政治的吐槽和安插的計程車女司機段落，最好還看過些裘德其他作品大致瞭解他的創作方向和風格，不然鐵定一頭霧水，哈哈。,後Covid時期的幽靈本體論：來自極權主義後期的膠片影像突然被減緩，一方面作為某種uncanny，另一方面，它正是Zoom等誕生於Covid期間的遠端辦公軟體在不穩定的網路訊號狀態下所呈現的數字glitch，後者的存在實際上構成了資本的非人加速，持存至例外狀態完全解除的當下，使得階層問題的對立，以及accident的暴露更為明顯，在影片中，它透過Angela不斷重複的“駕駛”檔案化為災難的影象的博物館，檔案正是資本-國家嘗試透過propaganda影像掩蓋，修改，縫合之創傷的反面；但與此同時和上一部類似，《不要太期待世界末日》將熵作為絕望的出口，擁抱了反諷與達達主義，它從不諱言短影片是電影的未來，透過粗暴且政治不正確的AI假臉慶祝電影這一自誕生起即表現為親資本性的“邪惡”媒介的死亡。
你好，我是瑪格麗特 : (臺),劇情、喜劇,7.3,https://img2.doubanio.com/view/photo/s_ratio_poster/public/p2888422511.jpg,2024-05-15,該片根據朱迪·布魯姆撰寫的同名小說改編，該書於1970年首次出版，講述六年級小學生瑪格麗特·西蒙(弗特森飾)對青春期有關的一切充滿疑問，她在滿世界尋找答案。她的母親(麥克亞當斯飾)和外婆(貝茨飾)試圖在這個一切都在發生變化的時期引導她。母親和外婆也發現，人不會停止懷疑自己走的路是否正確，也不會停止思考生命中什麼才是有意義的。薩弗迪飾演瑪格麗特的父親。,美國,無比恨我十二歲的時候還沒有人拍出這樣的電影。教育系統什麼時候才能意識到青春期前的女孩們也許除了冰冷死板的性科普影片讀物灌輸和一知半解窺得的由色情書刊解剖圖譜組成的「禁區」以外，也需要這樣可愛溫馨的電影扮演探索身體、信仰、友情邊界和初生情愫以及重要遠勝一切的，自我和身邊世界輪廓的指南。本片在單純至簡的定位範圍內預設議題和故事層理的嵌合抵接近乎完美，又絕無半分成人視角俯瞰的說教口吻，反而是那些難以言說的鮮以大銀幕為媒介表達的作為少女共同經驗的私密心緒都被溫柔地捕捉釋放，借出色群像表演拓寬的舞臺流動成雖然難掩鍍光矯飾卻依舊細膩動人的七十年代風情畫。,不曾擁有過的青春期，美國女生煩惱胸部怎麼還沒發育 月經初潮怎麼還不來，東亞女生羞愧於胸部豐滿 器官早熟。美國父母給12歲女兒與鄰居家兒子製造機會，中國父母聯合老師在抓早戀。希望每一位母親都能在女兒初潮時跟她喜極相擁，慶祝她的womanhood.,故事和人物能有多單純呢，是那種不用提心吊膽地擔心瑪格麗特和閨蜜南希反目、被小群體孤立、或媽媽被南希媽媽排擠的程度，覺得自己真是浸泡在成人世界裡太久，還被現在美劇勾心鬥角的風氣所荼毒。全片基調輕鬆明快，想要放鬆心情的時候值得一看。由衷感嘆一下，70年代的人們可真純粹啊，能有瑞秋這樣的媽當媽的人好幸運啊，片裡的月亮可真圓啊,很可愛的電影，看完內心很嫉妒：美國小孩也太幸福了！,可愛的coming of age小電影，美國六年級的小女孩成天想著長大，比誰胸部發育得快，比誰先來月經，比誰先親到男孩子。而我們六年級的時候，想的就是胸不要變大到能看出來，月經越晚來越好，偷偷摸摸穿小背心，偷偷摸摸帶衛生巾。Abby Ryder Fortson演得很好，非常可愛，另一個bitchy的小女孩也演得很好，非常討人厭！不過我覺得裡面的小孩子都還蠻典型的，每個人一眼就基本能看出來代表哪一型的。
夢想情景 : (臺),劇情、喜劇,6.8,https://img2.doubanio.com/view/photo/s_ratio_poster/public/p2898316441.jpg,2023-09-09,Nicolas Cage飾演Paul Matthews，一個擁有終身教授頭銜的平平無奇家庭男子，熱愛進化生物學以及對自己的一事無成感到焦慮。有一天，他發現自己出現在別人的夢中。和生活中一樣，他在這些夢中的存在是平庸和非侵入性的——他只是在那裡，冷漠地盯著陌生人的幻想和噩夢。儘管如此，他一夜之間成為了一名名人，享受著爆火的洗禮。但是，保羅逐漸發現這是一個潘多拉的盒子，夢中的自己開始莫名思妙地變得暴力……,美國,榮格心理學課堂討論材料。All memes will become dreams. 現代商業，網際網路迷因，取消文化，成功的商業營銷或者名人效應是否是一種集體潛意識，商品化時代的美和醜，善和惡，是否是一種潛意識植入。非常不錯的設定，但是劇作者也沒有試圖去挑戰一個自己無法駕馭的未知空間。給我最大的一個感受就是，焰氣過剩的任何流行物或者商業文化，均會落腳成個體潛意識裡的毒瘤，即噩夢。夢本是最自由之處，無需去解析夢，任何他物也別想進入每個個體的夢。,最近突然看了很多有關中年危機的電影……但是這部，其實沒有圓回來啊！所以為什麼所有人都會夢到他呢？為什麼又突然變成噩夢呢？感覺編劇在“想要搞笑”和“想要變得更深刻”之間拿不住主意，結果後半段笑不出來也沒啥深度，結尾更是有點迷。,"TIFF23｜
這個idea真的很有意思啊！但是從最後40分鐘的噩夢開始整段垮掉了...難受🥀，本來可以創造出新的快樂之源的！凱奇來Q&A還自黑之前被全網罵的事，也是喜劇人本色了哈哈哈哈哈哈哈",Everything Everywhere Every Nicolas Cage All at Once,本片的靈感來源顯然是凱奇本身作為迷因式的存在，但萬萬沒想到的是以查理·考夫曼式中年危機開頭最後的落腳點居然是對取消文化的諷刺
哈里斯夫人闖巴黎 : (臺),劇情、喜劇,6.8,https://img3.doubanio.com/view/photo/s_ratio_poster/public/p2887357373.jpg,2023-03-31,影片改編自保羅·加利科同名暢銷小說。20世紀50年代倫敦一位喪偶的家政女工（萊絲利·曼維爾 飾），因瘋狂愛上一件迪奧高階定製連衣裙，並決心自己也要擁有一件，繼而踏上了一場前往巴黎的冒險。而這趟旅程不僅將改變她的人生面貌，也將重塑迪奧的未來。,英國 / 加拿大 / 法國 / 匈牙利 / 比利時,迪奧感動了大家也感動了自己 但是看完我還是買不起 （實在是不能苟同傳達的價值觀一生只為一條裙子（其實真的很想給兩星,看劉姥姥式進大觀園、俯視工人階級生活的捧腹大笑令人不適。憨豆先生式的鬧劇，中年瑪麗蘇，對上層階級的幻想，導演又刻意給骯髒的街道、罷工的工人很多鏡頭，對比浮誇的fashion house，怕觀眾看不出來他想說什麼。像現如今一眾貴婦研究的愛馬仕配貨，扭曲的服務業和客戶關係，小紅書上對證明自己的階級的執念，虛榮和愚蠢的消費主義。女主秀場看到的衣服倒是沒覺得很漂亮，最後穿著紅色長裙出場還不錯。反正表現力挺差的。,說實話，這部電影跟《艾米麗在巴黎》分享同一個核心，尤其女主人公在Dior最後大義凜然的呈英雄那段，白眼簡直不夠翻！但是看著幾個這麼好的演員在一副特別復古的畫面裡出現，又實在不忍心打低分。,中年婦女的小雞電影，大型英法精英文化頌歌，魅影縫匠的重構與帕丁頓熊、查理和巧克力工廠好心善報型別童話的縫合。不可否認儘管這種以無名女人追夢的脆弱藉口鼓吹由上而下逐層洗腦的消費價值充滿了令人警鈴大作的陷阱，但兔子洞式的逃離又正是當下慘淡現實需要的安慰。雖然影片自嘲維持男權社會運作的都是隱形女性身影，但其主線紛爭又自相矛盾地建構在再物化貶低不過的女角色權鬥上。一個拖沓過長的結尾和扭捏造作的人為衝突也有些毀了前半程全力塑造的單純美好的感動。然而即使優秀的演員陣容盡力挽救了廉價情節，空洞的道德說教自帶撕毀甜蜜假象的諷刺，這一切只能成立在極其荒謬的戰後遺孀/下層勞工的白日夢裡：她們願意用半生攢下的一切換取金字塔頂的奢華一瞥，而高定之所以為高定的品牌營銷概念至今依然成立在只對百分之十准入的階級門檻之上。,感覺這群老戲骨和這個低幼童話不適配 是迪奧請她們來拍廣告宣傳片的麼
星願 : (臺),喜劇、動畫、歌舞、奇幻、冒險,6.4,https://img1.doubanio.com/view/photo/s_ratio_poster/public/p2899834949.jpg,2023-11-24,在位於伊比利亞半島外有一片夢幻之地，17歲的亞莎（阿麗亞娜·德博斯 Ariana DeBose 配音）和她的寵物山羊生活在被稱為願望王國的羅薩斯，人們從四面八方來到這裡，向一位神奇的國王麥尼菲科（克里斯·派恩 Chris Pine 配音）表達他們的願望，後者承諾有一天會滿足他們最深的願望，而只有他才能決定哪些願望將在何時實現。機敏的的理想主義者阿莎許下了一個尤其強大的願望，得到了宇宙力量的回應——一個被稱為星星的充滿無限能量的小球。阿莎和星星一同面臨最強大的敵人，推翻麥尼菲科的統治以拯救她的社群，並證實當一個勇敢之人的意志與星星的魔力相結合後，奇妙的事情就會發生。,美國,對於迪士尼這樣的百年老店來說，肯定不是最好的紀念作品，這毋庸置疑。但我好像也有點能理解，為什麼在這個時候獻出來這樣一部作品，它有一種迴歸初心的簡單和質樸。那個跳來跳去的小星星，不就是迪士尼片頭裡面，那個穿過山谷河流，在夢幻城堡上畫下一道星軌弧線的小星星嗎？就是這個小星星，帶我們推開了這座夢幻城堡的大門啊。所以它想傳遞的道理也是再簡單不過了：每個人都值得擁有心願，你的心願需要自己來守護。這也是迪士尼這麼多年來一直做的，它陪伴了一代代人去實現自己的夢想跟價值，片尾出現的一個個星星勾勒出的經典形象，就是最好的證明。當然故事也的確低幼了些，看完也沒啥記憶點，但從前面這點上來看，還是不忍給兩顆星哈哈。另外歌還挺好聽的，而且小星星真的很可愛誒，出毛絨玩具周邊的話會想買的！,為了你們好，你們的願望也該歸我管,如果靠別人實現夢想，你的夢想就會變成鉛球。（很難不覺得在影射什麼…,"故事真的不大行, 尤其是用這來給 Disney 100 獻禮顯得極為廉價 (雖然還是有被彩蛋戳到). 唯一好的就是歌好聽了 (I'm a star 真好聽啊!)","#2023迪士尼動畫百年慶典 @上海迪士尼#
“你是馬，我是羊，有事要幫忙。”
幻視姬發和雪龍駒對話了，可可愛愛！
看的中文版，總的來說兩星半，劇情冗長無聊還低幼。"
還有明天 : (臺),劇情、喜劇,9.0,https://img1.doubanio.com/view/photo/s_ratio_poster/public/p2906163989.jpg,2023-10-26,"1946年5月的羅馬被二戰留下的貧困、街頭遊蕩的盟軍民兵，以及6月2日至3日的國體公投所激發的變革願望撕裂。
                                        
                                    　　女主角迪莉婭是虐待狂伊萬諾的妻子，也是三個孩子的母親，其中包括十幾歲的瑪塞拉。在處理家庭事務的間隙，她照顧悶悶不樂的岳父奧托裡諾，偶爾還要去城裡的一些商店打工。這個女人在這艱難的生活中也有幾個盟友：愛她的機械師尼諾；瑪麗莎，一位機智樂觀的朋友；還有威廉，想要幫助她的非裔美國士兵。
                                        
                                    　　迪莉婭的生活被瑪塞拉與朱利奧的訂婚打亂。朱利奧來自一個富裕的家庭，他們的收入主要源於經營的酒吧。然而迪莉婭很快意識到，若紅事確定，她的女兒將走向與她相似的痛苦婚姻。因此，在威廉的幫助下，她設法炸燬了準女婿的酒吧，迫使他們家離開羅馬。儘管馬塞拉陷入絕望，但迪莉婭知道她做了正確的事。在郵寄給她的第一張選民卡的鼓勵下，她決心反擊。
                                        
                                    　　6月2日，決定國家命運的時刻到來。迪莉婭...",義大利,我收到選票比收到情書還激動，我像情書一樣攥緊選票，我穿上新裙塗上口紅，我蓄謀已久昂首奔跑，但這次我不為愛情而奔跑，我為了自由為了權益奔赴明天。因為我知道情書曾讓我身陷泥沼，只有選票爭取來的權益才牢靠。,義大利影后的導演處女作，成為了2023年義大利全國票房冠軍，也是義大利有史以來票房top9的電影。黑白畫質的上世紀四十年代的羅馬，聚焦一個底層婦女的日常，家暴的丈夫、苛刻的公共、不聽話的孩子、酸葡萄的鄰居以及曖昧的美國兵，用義大利式的喜劇來表達生活的苦悶和悲傷，最後的結尾出乎意料，“我們像情書一樣緊攥著我們的選票”。那一年義大利女性首次有了投票的權力，這部看似生活氣質的片子核心其實是女性意識的崛起，這比起靠減肥取得成功的那種女性題材，高階太多了。（我沒有對映）,她沒能奔赴由另一個男人決定的生活，但是還有緊緊握著的明天,真正高階的女權電影 以輕鬆幽默的方式來呈現苦難的生活 最後我們都以為她會跟隨愛人私奔 哪知道呀 真正的自由從來都不是逃離魔窟 而是為自己選擇明天 因為還有明天！“我們像情書一樣緊攥著我們的選票”,原來家暴只是權力機關的隱喻。所以結尾不會是一場私奔。
雷霆沙贊！眾神之怒 : (臺),喜劇、動作、奇幻、冒險,5.4,https://img9.doubanio.com/view/photo/s_ratio_poster/public/p2888229976.jpg,2023-03-17,比利·巴特森和其他孩子們雖然獲得了超凡的神力和成人的外表，但仍處在青春期的他們還在學習如何平衡內心與外在的不同。但是當阿特拉斯的女兒——復仇三女神來到地球，尋找很久以前被偷走的神力時，比利·巴特森和家人們將為了守護他們的超能力、生命以及整個世界的命運而展開一場激戰。,美國,"華納竟然覺得靠客串就能吸引觀眾，漫威都要拍《復聯5》了，DC還不知道觀眾到底想看什麼。
不拍《正聯2》《超人2》《神奇女俠3》，反而讓超人、神奇女俠、蝙蝠俠去客串二三線角色的電影，這感覺就像漫威不拍《復聯2》《鋼鐵俠2》《美隊3》，反而讓鋼鐵俠、美隊去客串《女浩克》《驚奇少女》，然後看《女浩克》《驚奇少女》的反響，來決定是否拍《復聯2》《鋼鐵俠2》《美隊3》。
《沙贊1》片尾彩蛋是冥思蟎幫希瓦納越獄，過了4年了他們還沒逃出來，照這個效率等到DC重啟他們都逃不出來。
用了2部《沙贊》、1部《黑亞當》為沙贊大戰黑亞當做鋪墊，結果2025年DC就要重啟了，這個系列結束了黑亞當和沙贊還沒見過面。
《正聯》之後的電影毫無關聯，你還拍個XX的電影宇宙，華納你做個人吧，不會拍就別拍了，把DC賣給網飛吧。",彩虹糖長達兩小時的廣告,IMAX零點場，如預期的沙雕樂子兒童片。挺流暢的，觀感一度攀升，但最後三十分鐘實在太爛了，無法原諒。導演應該也不能原諒自己，所以給自己安排了一個被怪物戳死的路人戲份。。,（是粉先說了🙏）沒有想象的那麼難看🙏邏輯糟心但結構不差，整體觀感還是挺享受的，bbff非常可愛！時隔這麼久又在電影院看到DC片頭真的心酸🙏比較遺憾的是Billy的人設改動，還是更喜歡第一部自閉小孩/話癆傻子的反差，變成範迪塞爾之後略顯扁平，整體表演也沒那麼有靈氣了... 但婕妹演的很好（依舊拿的女主劇本）。,主演是兒童所以劇情也兒童？這邏輯沒毛病。我發現不帶腦子看超級英雄片就是舒服，基本做到了內心毫無波動——除了女俠出來的那一點點鏡頭，蓋爾·加朵真的好美嗷嗷嗷~~~~~~
墊底俱樂部 : (臺),喜劇、愛情、同性,6.8,https://img1.doubanio.com/view/photo/s_ratio_poster/public/p2892948780.jpg,2023-03-11,PJ和喬西創辦了一家搏擊俱樂部，希望能借此把自己的第一次獻給啦啦隊員。她們離奇的計劃竟然奏效了。搏擊俱樂部越來越受歡迎，很快學校裡最受歡迎的姑娘們就以自衛的名義來這兒互相毆打。而PJ和喬西卻陷入了困境，必須在計劃被曝光之前找到出路。,美國,"在荒謬的劇情和對主題的表現中，找到了完美的平衡。你可以gay, 但是不可以gay and ugly and untalented, 太真實了",感覺把芭比沒能拍得東西都給補上了……我非常欣賞導演把女權拍成了女拳，那一記特寫慢鏡的勾拳確實打得挺響。把美國校園裡的橄欖球運動象徵男權至尊地位，以極其誇張嘲諷地呈現，很有想象力，而影片的主旨也非常明確，就是要把這些“橄欖球男”虐殺於眾目睽睽之下，這點完成度挺高。兩位拉拉舉辦搏擊會，但是導演使用了電影搏擊會的逆向思路（大衛芬奇拍得是先去互助會無果之後有了搏擊會），就是舉辦搏擊會然後變成girls help girls的互助會，但最後的收場又要執行為救人而殺人來迎合主旨，有些矛盾了。強行搞笑+復古歌曲，有些露怯了。華裔女演員Liu演技還欠打磨，但還是值得關注的。,Nicholas的粉絲能不能滾。。。,大概可以歸類為GenZ校園喜劇cult片，荒誕怪異到我覺得或許只是Josie的一個夢。,感謝字幕組把f word 都翻譯成了“你他爹的”非常舒適 至於劇情 男性爽片大多也都看個樂呵 劇情也都很扯 只不過是有更多的預算
琳達想吃雞肉！ : (臺),喜劇、動畫、家庭,8.0,https://img3.doubanio.com/view/photo/s_ratio_poster/public/p2897815837.jpg,2023-05-20,琳達的媽媽冤枉琳達偷了戒指，為了彌補琳達，她得在所有商店都罷工的日子給琳達做一盤黑椒雞肉。這是一部法國出品的小眾獨立動畫電影，導演塞巴斯蒂安·勞德巴克和基亞拉·梅爾特在2020年合作短片後的二度攜手，用抽象的畫風講述現實家庭的矛盾、母女間真摯的感情和由一隻雞引起的街道混亂。簡單的手繪風糅合了濃墨重彩的渲染，呈現出驚人又溫馨的藝術感染力，讓每一幀畫面看上去都如一幅優美的現代派畫作。入選2023年戛納電影節“獨立電影及發行商聯合會”平行單元。,法國 / 義大利,【SIFF動畫】上影節看過最有趣的一部！法國動畫是人類藝術瑰寶！全片放映收穫三次掌聲，除開頭結尾外還有一處是外掛字幕的翻譯者名字出現的時候——不愛吃雞。,這雞的味道你換個國家都燉不出來,畫風的驚喜感在《無手的少女》之後，不對，在過程中，就已經淡化了，所以更多是好奇第二部少女故事會是怎樣。時間拉到當代，依然是個無父的境況，但哪怕不涉及出賣，親情還是因為父親的逝去，母親的疲憊，而有所隔絕。女兒對母親遭遇的困苦，全程漠視，理由卻是彌合與父親的連結，就有些不是滋味。非要說歌頌親情，不如說契合罷工背景，延續《操行零分》這近百年來法國少兒格外突出的反叛姿態、狂歡精神，帶來更多對自由的捍衛、對框架的反思。,Ｂ＋/ 如此罕見如此寶貴的“兒童電影”。與其說是呈現一種實存的兒童生活，不如說是在勾勒一種抽象的兒童-機器——當兒童無休止的喧譁與騷動、混亂與遊神，被與罷工者的漫遊並置，新的戰爭機器不就被裝配完成？所以燒焦的油煙可能會是催淚彈，而西瓜可能會是燃燒瓶，而噴泉水槍則能夠將制服護盾逼到角落……時間短暫停頓，無論是人物的還是概念的相遇都變得可能。,還蠻瘋的一部動畫片，越往後走向越有趣，本質依然是在用一個兒童喜劇來包裹殘酷現實，整體還是蠻好玩的。畫風很有特點，大塊的色彩直接運動了起來，凸顯出真人電影無法達到的流暢感。三星半。
神秘友友 : (臺),劇情、喜劇、奇幻,6.1,https://img9.doubanio.com/view/photo/s_ratio_poster/public/p2908463746.jpg,2024-06-15,回到孩童時住過的家，少女碧（凱萊·弗萊明 Cailey Fleming 飾）在一個深夜中與神秘男子卡爾文（瑞安·雷諾茲 Ryan Reynolds 飾）結識，令她意想不到的是，這個居住在自家樓上的男子居然經營著一個奇妙非凡的“友介所”，眾多存在於想象中的神秘“友友”打破次元壁走進現實，各個獨一無二萌力拉滿。加入到幫助友友尋找玩伴的歡樂冒險，碧漸漸發現卡爾文與自己兒時的記憶有著微妙的聯絡，這其中秘密，將治癒心靈，傳達生活的真諦。,美國,一部以想象力為基點的電影卻毫無想象力，看的過程無語得像在坐牢。/新譯名更爛了,中規中矩賣萌片，但：什麼樣的小女孩的imaginary friend是個中年男？她爸是缺席了她童年嗎？,黑人小姐姐終於想起來了她的陽光彩虹小白馬，滴滴答滴滴答～,還是頭腦特工隊或者玩具總動員3那種設定，就是長大的你是否還記得童年的那些夢想與快樂。不過各種動漫形象還是太有距離感了，完全不會帶來什麼回憶，感動也就少了。最終，也就是一部很普通的低齡兒童電影。,香港的譯名非常有迷惑性，讓我誤以為是頭腦特工隊續集以致買錯票，甚至開頭不是pixar而是paramont的logo出來時我都還以為是貼片短片…anyway 開場極其無聊，看了三十分鐘忍不住退場再次買了隔壁九龍城寨的票
傻錢 : (臺),劇情、喜劇、傳記,7.1,https://img3.doubanio.com/view/photo/s_ratio_poster/public/p2896514337.jpg,2023-09-08,"小蝦米玩翻大鯨魚，散戶聯手颳起華爾街風暴。
                                    
                                　　改編超扯真實事件和本·麥茲裡奇的新書《反社交網路》，聚焦“玩家的崛起”，業餘大戰專業——Reddit的WallStreetBets版塊上的散戶投資者（片名“傻錢”即是對個人投資者的戲稱）如何在論壇上抱團集結對抗華爾街，讓GameStop等陷入死境的公司股價飆升，與之對抗的對沖基金則 有巨幅虧損，和此後引發的深入調查。",美國,作為親身經歷這一大事件的韭菜，電影拍的還沒真實事件精彩，甚至比不上同樣平庸的紀錄片eat the rich。同樣是用meme，採訪指令碼，沒有新意。全片資本家無限黑化，主角幾乎毫無瑕疵，神聖化了已經。我不相信roaring kitty這麼有信仰，即使這樣，編劇可以帶著這個題眼穿刺到故事裡，然後證明哦原來他真的是聖人！然而本片白開水一樣，幾乎沒有亮點。,作為親身經歷這件瘋狂的事的散戶來說，這部電影努力想像紀錄片一樣還原現實，男主模仿得很像。因為喜歡一個公司，喜歡一個股票而在reddit上召集大家一起買進，short squeeze，打倒華爾街hedge funds，群眾的勝利，最終還是破產於有人作弊。清晰地記得當時疫情，dmv沒法walk-in，只好在凌晨五點排隊更新駕照，等待的時候刷著論壇，發現robinhood沒法買入了，驚訝這個操作。當時覺得robinhood這個名字好諷刺，劫富濟貧不是初心嗎？最終，big money還是沒有受到什麼懲罰。（hold一年多最終三倍利潤出場，在最瘋狂的時候真的是十幾倍）。好奇這段瘋狂的觀眾可以一看。,作為一個沒炒過股的超級理財白痴看這部片後產生了探索欲，這可能是這部影片對我而言最大的意義——說回正經的，確實有從主角到各個散戶都不夠立體的感覺，轉場音樂也簡單粗暴令人腦殼疼，但整體節奏呈現都是合格商業片水平，看著散戶身邊顯示的資產淨值不斷變化，眾人一步步捲入洪流製造洪流，賭一個更富有的命運也爭一口氣，還是挺熱血沸騰的，還原聽證會上經典臺詞的幾幕也非常有趣～瞭解真實故事的朋友可以看看電影怎麼串聯故事，不瞭解的也當是對“金融界的法國大革命”的科普，值得一看。,電影伊始對投行屆的富翁們嘲諷的拍法，尤其是那頭醜陋貪婪無比的豬，還給了豬睪丸大大的特寫，已經給本片定了個基調，那就是韭菜乾翻收割機的爽文式敘事。其實事件本身，去看維基百科，比電影更詳細一些，但電影的優勢還是在於描繪底層韭菜的憤怒以及對逆襲翻盤的信念。這個角色對保羅達諾來說信手拈來，表演上算出彩。終於在北美的院線裡面看到一部反映疫情的作品了，還反覆使用戴口罩這個梗來表達自由及反抗。其實護士這個角色才是韭菜的大多數，坐過山車回到原點，不過既然是爽文敘事，她的收場只能輕描淡寫。,把Gamestop short squeeze的來龍去脈講得清楚又有趣，關於交易的技術內容全部靠譜。Pete Davidson的特點得以充分發揮，調整故事節奏。第5顆星給角色設計——把對沖基金精英們設計成喜劇角色，瘋狂的行為卻是人間真實，十分反諷；小散戶們從服化道到表演都十足市井，不端不裝，這一點比大部分中國作品要好。片尾上價值也很親切，不令人討厭。Paul Dano演得好。
全家變身大作戰 : (臺),喜劇、家庭,6.3,https://img2.doubanio.com/view/photo/s_ratio_poster/public/p2900522061.jpg,2023-11-30,傑絲和比爾·沃克盡最大努力讓家庭成員保持聯絡，因為他們的孩子漸漸長大，越來越獨立，彼此之間也越來越疏遠。偶然遇到一個占星術占卜者之後，全家人在生命中最重要的一天清晨醒來時，發現彼此的身體已經互換。沃克一家能團結起來升職、透過大學面試、搞定唱片合約和足球選拔嗎？這部家庭喜劇由約瑟夫·麥克金提·尼徹執導，改編自埃米·克勞塞-羅森塔爾所著書籍《Bedtime For Mommy》，詹妮弗·迦納、艾德·赫爾姆斯、艾瑪·邁爾斯和布雷迪·諾恩擔任主演。,美國,很框架內很典但是擋不住它幾乎是一部完美的聖誕電影！小演員特別狼女演技真的挺不錯的；聖誕月看這種心情真的會變好,爛梗聖誕閤家歡，其他無感，狗和小孩把我笑崩潰了，老美家庭劇標配小鬥牛,看完預告就很期待了，四人演技線上，劇情也不算無聊，搞笑正經淚點都有，最後感嘆一下Jennifer Garner都已經50歲了，依舊可以演出那麼活潑的戲碼。,[視]一家五口，一覺醒來，父子換，母女換，嬰兒和狗換，兩天，大人演小孩致敬<雷霆沙贊>，尿屁嗝，口噴水，配樂OK。導演<辣手保姆><三日刺殺><終結者4>，艾麗卡，<星期三>女星，<神偷軍團>男星。母親的公司客戶會議和晚上婦女閨蜜會，父親的樂隊表演，女兒的校際足球賽兼國家隊球探無接觸面試，兒子的耶魯大學面試和初戀的首次約會。開車恐懼，乳糖不耐，五星連珠，仙女教母，沃克一家諧音workers，漂移特技，baby關鍵<超人總動員>，額頭長包<刺殺遊戲>，提及武當、沙丘、魔力紅、黎曼猜想，片尾有花絮。兒子初戀有色女生不如兒子好看，公司裡黑人亞裔同事，閨蜜裡黑人亞裔都有，有明確黑人歧視白人橋段，題外話聽說迪士尼CEO暗示以後作品減少政確元素。,爆米花，恰恰恰
怪物少女妮莫娜 : (臺),劇情、喜劇、動作、科幻、動畫、奇幻、冒險,7.5,https://img1.doubanio.com/view/photo/s_ratio_poster/public/p2893914878.jpg,2023-06-14,為了證明自己的清白，一名被誣陷犯下重罪的騎士向擅長變形的少女求助。但如果這名少女正是他曾立誓要消滅的怪物呢，他又該如何是好？,美國,"雖然喜歡Nimona但是這個敘事也太令人不適了，無處不在的LGBTQ隱喻 但是作為父權代言人的保守主義反派居然是女性 一個""old nun""？主線遵循爹得不行的所謂爸爸帶娃（成男/少女）套路，作為故事標題和核心人物的Nimona身世模糊 和Gloreth的一段充滿queerbating意味的青梅情無法解釋兩者之後的割裂 比起這個千年後的舊故事更想看千年前的糾葛謝謝。像是從一幅長卷裡揪出了一小部分結果世界觀都鋪陳不完，更別說這個結局簡直就是搞笑 酷兒女性為了背叛自己的全人類捨身堵槍眼才能讓大家幡然醒悟，雖然得到你們的認同會要我的命，但是為了你們的幸福生活我可以去死，大家都有光明的未來🙏",與眾不同的人，是否該註定活在陰影裡？用怪物做隱喻，講述的卻是所有邊緣群體對抗命運的故事。魔法與無人機齊飛，藍天工作室交出了一部很“酷”的遺作。順便說，作為好萊塢第一部同性主角動畫片，迪士尼收購就棄片的禍心真的該死。而接盤的網飛選在驕傲月最後一天釋出，這臉啪啪打得我很滿意~,為啥不多整點妮莫娜和葛蘿絲相愛相殺的戲份，那個鬍子大叔的故事線好boring,孩子們被教育面對異類時要刀劍相向，如此便會成為英雄——驕傲月最後一天的點睛結尾。,我想看妮莫娜和葛蘿絲的故事啊。幹嘛要犧牲我們少女，討厭。
祝你好運 : (臺),喜劇、動畫、家庭、奇幻、冒險,6.9,https://img1.doubanio.com/view/photo/s_ratio_poster/public/p2875811269.jpg,2022-08-05,簡·方達將為動畫新片[幸運]中的主要角色配音。該片由佩吉·霍姆斯([小叮噹與海盜仙子])執導，由基爾·默裡([賽車總動員])操刀劇本。故事講述在一個好運氣和壞運氣互相碰撞的世界中，一個不幸的女孩必須介入並拯救這個世界。 簡·方達將為龍配音，龍是熱情洋溢的掌管好運氣的CEO，她是毫無爭議的最幸運的遠古生物。龍很優雅，風格明確，她強大並且有說服力。唯一比好運更好的事情就是更多的好運，所以當壞運氣開始失控，她必須直面自己的恐懼，面臨永遠失去好運氣的風險。該片由天空之舞與蘋果聯合制作。,西班牙 / 美國,小精靈們從沒有懷疑過山姆是人類，因為他們在自己的幸運壁壘裡，一切都太順風順水所以從不曾懷疑過這個世界。而好運和壞運是一體兩面，沒有不幸何來幸運，反之亦然。,這種題材的動畫，我的預期是Soul，或者Inside out……現在這種內容也太差強人意了，各個世界的設計也做的一般般。,"典型的好點子越走越爛的劇情。開頭的一段倒黴轉好運的對位元別好看，誰知最後落到了一個“我們需要壞運氣”的主題上了。跟好日子有仇嗎？這說的甚至不是感謝苦難了，而是“我們需要苦難”，“沒有苦難不行”，宣傳的什麼垃圾價值觀。可以感謝好運，可以感謝努力，但不要對壞運氣抱有好感，不能避免，那就克服。
另外，角色怎麼看怎麼像蘋果emoji，果然是蘋果的電影。
可惜了主題音樂還挺好聽，頗有經典動畫的感覺。",建議改名《How I Met My Cat》,真的太可愛了，貓奴無腦衝…
夢鄉 : (臺),喜劇、歌舞、奇幻、冒險,7.5,https://img2.doubanio.com/view/photo/s_ratio_poster/public/p2883521871.jpg,2022-11-18,"11歲小女孩尼莫（傑森·莫瑪 Jason Momoa 飾）與父親皮特（凱爾·錢德勒 Kyle Chandler 飾）相依為命，平凡度日。但是一場海嘯奪走了父親的生命。傷心欲絕的尼莫希望繼續駐守著和父親生活多年並且與世隔絕的燈塔，可是作為兒童的她無法決定命運，只得被安排隨同父親的弟弟菲利普（克里斯·奧多德 Chris O'Dowd 飾）一同居住。菲利普居住在繁華大都會，生活優渥。溫暖舒適的床無法提供歸屬感，睡夢中，尼莫被長了長腿的床帶出房間，一路漂浮回到了燈塔。她在家中沒有看到父親，卻見到了長著角、渾身是毛的怪物弗利普（傑森·莫瑪 Jason Momoa 飾）。弗利普告訴女孩，只要找到傳說中的藏寶圖，就能實現心中的願望。
                                        
                                    　　本片改編自溫莎·麥凱（Winsor McCay）的週日連環畫系列《小尼莫夢鄉歷險記》（Little Nemo in Slumberl...",美國,平庸的奈飛標準流水線產品，海王摩瑪這是拍了一部和巨石強森早期類似套路的奶爸兒童片，低齡化明顯，影片盜夢的概念完成度湊湊合合，而海王耍寶的表演雖然挺賣力但顯然不夠自然，只能說如果有國配小朋友看沒問題，成年人看未免乏味，不過興許哪天又被國內引進了,“爸爸說學校基本上就是監獄 他們禁錮孩子的身體和心靈 讓學生為工作做好準備 而工作同樣是監獄 直到他們退休後去養老院 他們最後的監獄”,7.5 如何從失落、悲傷裡走出來，如何與同樣正在哀悼親人的叔叔一起生活下去…故事核心非常悲傷，但也在不斷告訴我們，要找到新的活下去的動力，才能真正走出過去。沉溺悲傷、逃避現實沒有用。,每個童話都有一個悲劇的核心，《夢鄉》也不例外。我們都喜歡做夢，夢裡有我們想要的一切，有時我們希望那場美夢永遠都不要醒，但夢終究是夢，夢總會醒，我們也會在一個又一個夢醒時分成長,雖然看起來《夢鄉》依舊是網飛的老套路，彷彿是把幾部電影扔進攪拌機攪出來的東西，但是它也來的非常純真美好，有種我印象中好萊塢電影一直該有的樣子，給人帶來那種驚奇和感動，還有可能，再來一點童真吧，就挺好的，人都有想一直睡下去的時候，但真正的人生只有醒過來的時候才會發生啊。
日班獵人 : (臺),喜劇、動作、驚悚、奇幻,6.5,https://img9.doubanio.com/view/photo/s_ratio_poster/public/p2876896696.jpg,2022-08-12,傑米·福克斯在《打卡獵人》飾演一位藍領父親，他努力工作，只為讓聰明的女兒過上更好的生活。表面看來，他只不過是聖費爾南多谷的一名泳池清潔工，但他的真正身分其實是吸血鬼獵人國際協會的成員，獵殺吸血鬼才是他的本業。,美國,飛車、打鬥、血腥，該有的元素都有了，可抵不過爛爆了的劇情。第一幕獵殺吸血鬼老太太是全片唯一的看點，之後就是滿滿的尿點。吸血鬼都像喪屍一樣爬來爬去毫無美感。Dave Franco演的弱爆了。,爽爆了！今年目前為止最佳動作片！！導演竟然利用吸血鬼血厚+四肢可隨意彎折這個屬性，成功打造出一種頗為新穎的血腥動作風格。大量的摔跤技，斷肢技，各種改裝槍支+近戰武器花式秀操作，還設計了大量超帥的雙人連續技，在動作這塊絕對是無可挑剔！劇情上和John Wick一個套路，簡單俗套的主線+有趣的世界觀設定，不算太成熟，但還好也不算太尷尬。Scott Adkins和劉承羽在打戲上搶掉很多Jamie Foxx的風頭，甚至Dave Franco也蠻讓人驚喜的。非常期待續集可以繼續利用這個出彩的班底和設定，像John Wick系列那樣製作水平穩步增長，打造出一個新的硬核動作片IP！希望奈飛不要再瞎投錢了，在靠譜的導演和班底身上多投點才是正經事！別老整那些大資料拼盤！,哥們玩得就是西海岸吸血鬼獵人，還不錯的娛樂片，情節、人設簡單粗暴，槍戰打戲儘可能的加，沒太多奢求觀感就還可以。,這動作戲不比《灰影人》精彩好幾倍?,《黑夜傳說》白天版
薩特本 : (臺),劇情、喜劇、驚悚,6.7,https://img1.doubanio.com/view/photo/s_ratio_poster/public/p2900961069.jpg,2023-08-31,講述關於特權和慾望的邪惡故事：奧利弗（巴里·基奧恩 Barry Keoghan 飾）努力在牛津大學裡尋找自己的位置，他被魅力迷人貴族氣派的菲利克斯（雅各布·艾洛蒂 Jacob Elordi 飾）所吸引，後者邀請他去到自家龐大的薩特本莊園，度過一個永生難忘的夏天。,美國 / 英國,現已加入mojo dojo casa house 奇情片豪華套餐,世界也許屬於男性，成功卻必然屬於女性，尤其是女性導演,對我來說比燃冬更惡毒，故事是從故園風雨後抄的 裡面的獵奇情節是po/rn裡抄的 作案手段是從三分的謀殺懸疑片裡抄的，我們加入了一點點惡毒的原創內容 好讓你知道這不是故園風雨後的現代版翻牌,哪裡噁心了啊，不過就是浴室舔浴缸和洗澡水還有操了墳頭土嗎？感覺不如我在社交軟體上遇到的性騷擾私信一半噁心。,巴里哥 我知道你的演技很精彩，看你演戲我的精神都要不正常了，算我求你了，演藝生涯還是接一點陽光健走的角色吧！
揚妮克 : (臺),劇情、喜劇,7.4,https://img1.doubanio.com/view/photo/s_ratio_poster/public/p2901915929.jpg,2023-08-02,典雅舒適的小劇院裡，一出差強人意的舞臺劇正在上演，突然有名觀眾挺身站起，打斷了演出的進行。他自稱名叫亞尼克，是一名停車場管理員，下班後舟車勞頓趕來看戲，演出內容卻讓他失望透頂。眾人將他驅離劇院，過沒多久他卻又突然出現，掏出手槍跳上舞臺……今晚，亞尼克才是真正的主角！,法國,年度最佳喜劇片，前幾天看影評講May December在英語語境裡是忘年交的意思，在法語中這個意思通常用馬克龍替代，這不法國人就來調侃了，電影裡揚尼克指著一對母子說，不敢隨便定義你們的關係，因為現在總有一些奇怪的情侶，你們知道我說的是誰。,昆汀·杜皮約現在是每年一部小成本荒誕喜劇，效率賊高。但他的片都有一個通病：開頭三十分鐘炸腦袋的精彩，後面逐漸爛尾，不管不顧了。這片開場觀眾與舞臺上戲劇演員互相不弔的場面笑炸了，但隨後就沒了大招，逐漸落回了套路。他真應該找個合作編劇專門給他寫下半場。,多來點這種一小時的電影，世界會變得更美好,Quentin Dupieux現在走洪常秀路線：半年出一部片，時長硬湊到一小時😂套路沒變，還是搭建起一個荒誕的框架然後看人物在裡面的反應，但至少演員表換了，主題也是新的。這次的題目我還挺喜歡，不僅涉及文藝作品乃至文藝工作者自身的定位問題（觀眾在哪裡？），在更廣泛的意義上說，男主Yannick從“感到沒有看爽”到“我要自己寫劇本讓你們演給我看”的姿態就是政治討論中說到的那些代表性缺失、政治話語脫節引發的反體制話語、反智情緒、民粹運動…片中Yannick和不同觀眾的對話在讓人捧腹的同時也充分展現了階級/地域等區隔之下不同群體間的對話有多不可能。結尾處導演先給了一個其樂融融的溫情場景，但最後一個鏡頭又給了即將進入劇院的防暴警察，預示著激烈衝突與可能的悲劇，也算是對法國近期狀況的不遮掩的比喻了。,多半星給時長，這在電影日趨三小時的時代裡尤其清爽舒適。祝願大家當人質的時間短一點！
火之謎 : (臺),喜劇、動作、冒險,7.8,https://img9.doubanio.com/view/photo/s_ratio_poster/public/p2897789174.jpg,2023-05-20,從前從前，在一座森林邊緣的小鎮裡，住著人小鬼大的蒙面三寶，他們騎著越野摩托車，在蜿蜒的林間小徑中恣意穿梭。當裝備上手、彈藥填充，轉眼之間，新型遊戲機就偷竊成功。原以為接上電視插上插頭，就可以歡天喜地打電動，沒想到電視竟被重感冒的媽媽用密碼上鎖，唯有美味藍莓派才能換得媽媽鬆口。為了打遊戲，三名頑童即刻出動，一場藍莓派的戰爭就此展開！,美國,一個過於架空的童年遊戲，形式上趣味在開頭令人眼前一亮，卻因為總體性的與成人世界的失聯，而顯得些許空洞和“幼稚”。畢竟，天真作為一種遺落的品質，是與成長教育的單向失卻緊密相連的，童年的“珍貴”永遠是於成年人而言的，童年不是真空的純潔，而是於混沌之中所需守護的那麼一點點。,太動人，忍不住流眼淚的快樂，純真而純粹的「電影」。整個故事或許便是開頭他們準備玩的那個RPG冒險遊戲本身，一起出發的小夥伴遇到劇情線人物、做任務、找道具、通關，16mm的質感起到了和8bit畫素點一樣的效果，這種真空帶來了信仰飛躍一般的快感——這難道不是我們相信電影最開始的動力嗎？孩子身上的力量一覽無餘，他們的動機和尋找的事物能有多小就有多大，是值得盡一切努力去換取的全部；而他們身上滑稽的成年人模樣，是創作者徹底相信，我們每個觀眾都能原地代入成為那些孩子，珍重那些簡單真誠的感情，向著身邊的世界對抗。,一部缺乏挑戰性的電影，開場簡練的繽紛空靈被生澀的劇作和平淡的事件逐漸扼住，觀感在半小時內急速下滑。你看到預設好的童真，但童真的世界裡也該有人性的複雜與人際的對抗。空有韋斯·安德森式的色彩與裝置感，卻不像早期的他那般具備甜蜜的危險和溫柔的冷酷。,主創不無陰險地認為高舉懷舊的標籤便可以光明正大拍攝全白卡司電影，而此種自稱新童話的敘事框架和美學制式的鄉愁藝術中潛匿的白人意識形態復甦更是顯著。膠片攝影自帶的氛圍許諾和解讀綁架並不能一勞永逸成為糟糕文字和庸俗策劃的華麗遮羞布，朦朧夢囈本質仍是一團形狀模糊的成年人編織故事意淫孩童世界純真想象的臃腫矯造。獨立影像無限傾倒業餘一端的同時，素人小演員不僅未表現出導演臆想裡沒受表演訓練汙染的童真，他們拙劣磕絆的臺詞和演技反而處處暴露著劇本寫作對孩子觀測世界與表達自我行為模式的背離。可笑的是，被自作聰明設定在技術與監控無孔不入當前時間，以加速與中世紀騎士冒險式的夏日漫遊情節異質碰撞的反向復古背景既全無反諷筆觸，在毫無頭緒的方向迷失之後也只剩下了兒戲——這個詞本該是影片製作最初意欲從心所欲抵達的璞初仙境。,遊戲機廠商起名KOTOMO 偵查app的日文介面 二次元心領神會 #RefletMédicisi #Reprise #Cannes2023
神出鬼沒 : (臺),喜劇、動作、愛情、冒險,6.0,https://img9.doubanio.com/view/photo/s_ratio_poster/public/p2888918765.jpg,2023-04-21,誠實善良的好人科爾（克里斯·埃文斯 Chris Evans 飾）愛上了神秘莫測的賽迪（安娜·德·阿瑪斯 Ana de Armas 飾），他有一個驚人發現：賽迪竟然是一名秘密特工。兩人還沒來得及進行第二次約會，就踏上了拯救世界的國際冒險之旅。,美國,又一部漫威下崗職工再就業影片,"這片子就是Ana de Armas的個人秀。我的天啊，所有懟臉拍的鏡頭都太美了。最後穿裙子的打戲真的是，she is sexier than 我這個月看過的所有porn... 片子除了卡司其他都超級隨意，即便如此，我還是在Cole身上找到了共同點，we both haven't left the country, and are afraid to live. 要不是apple廣告太猖狂，都晃臉上了，我就給這個soft porn滿星了哈哈",作為全球首批看過電影的觀眾，我可以告訴大家的是，即使死侍、獵鷹與冬兵都來客串了，仍然無法改變這是一部爛片的事實,開局好看，中段平庸，結尾稀爛。Ana de Armas 和 Chris Evans 在銀幕上還挺來電的，無奈故事在中後段開始全面崩塌。我琢磨著，如果把所有無腦的動作戲全都砍掉，索性改寫成一部愛情喜劇片，效果肯定會好得多。,"太難看太無聊了，就get a room那裡還有有笑點。兩個人演技都好差，ce憋了老鼻子勁兒就演了個這？安娜你去練一下形體吧balance不太好啊。
但是，因為顏值和身材，給三星吧。"
瑞奇·斯坦尼克 : (臺),喜劇,6.7,https://img1.doubanio.com/view/photo/s_ratio_poster/public/p2903744818.jpg,2024-03-07,三個死黨合力創造了一個名為瑞奇·斯坦尼克的虛構人物，當他們需要製造不在場證明時，瑞奇就會出場。,美國,非常old school 喜劇，就那種一個謊言彌補然後越來越大那種，真的笑得不行了，這倆為了讓Ricky出醜各種慫恿結果人家越來越招人喜歡，笑死。就frat boys這裡面倒是少了很多offensive的東西，也就還好，沒有drugs沒有sex沒有nude沒有大量的language，主要還是John那浮誇的表演，咋就評個R了….,一部應該被提及的傑作，或許是今年最不該被忽略的屎尿屁，鬆弛、有趣、睿智，甚至極其工整，個人覺得在探討諸如友誼、人的改變與際遇等話題的層面是有著顯而易見的誠意的，當我意識到署名靠前的編劇甚至新到我瓣連中文名都沒認真編輯過，不禁受到了鼓舞,爆笑！趙喜娜貢獻了繼和平使者劇版之後最好的演出,後半段跟《年會不能停》有點異曲同工，把政治正確作為一種冒犯的潛臺詞，以一種具象化的左派思維作為看不見的朋友，不論多髒的東西，套上一層理念的包裝就會變成偶像，法拉利又進步了，法拉利也更腹黑了，當然作為喜劇如果更好笑就好了,深耕嚴肅角色幾年的Zac，短暫抽身回到了他早些年會接下的喜劇；很喧鬧、很R級、很讓人想念“爛仔幫”橫行的那幾年，同樣也著墨那種兄弟夥友誼。「我有一個朋友…」的設定成為本片的中心敘事，也始終制造層層意想不到的笑果。它並不通達更高階的表達，卻著力於去展現各個角色的有趣，也強調成長在人類生活中不可或缺的地位。在近來被衝獎作文包圍的幾個月裡，它最終成為無心送上的“小零食”；咬下去，嘎嘣脆，“吃”（看）完了，笑嘻嘻。
幽靈鬼屋 : (臺),劇情、喜劇、懸疑、恐怖、奇幻,6.0,https://img1.doubanio.com/view/photo/s_ratio_poster/public/p2892107589.jpg,2023-07-28,影片靈感來自迪士尼樂園同名遊樂設施，“在一個讓人不寒而慄的鬼屋中進行一趟令人毛骨悚然的旅行，有幽靈、食屍鬼和超自然力量帶來的驚嚇”，聚焦一個搬進了這棟豪宅的家庭。,美國,還沒去過新奧爾良結果似乎被這個片子留了奇怪的印象——所以就相當於是……南方的塞勒姆？……,自從買了amc會員俺就差住在電影院了🥱,全家歡的喜劇驚悚片，如果是想看《潛伏》《招魂》那類的片子，恐怕會失望。很工整稱職的暑假爆米花電影，幾個青壯年黑人主角在中年白人騙子和老白男的幫助下，對抗古老的白人惡靈的故事。你品，你細品。,新奧爾良素材地真得很合適哇。主角們演技很好！是闔家歡樂輕鬆的喜劇，不怎麼嚇人，對我而言挺休閒開心的！醫生女主太有錢了吧，zillow看到直接買房，做房屋中介和appraisel的人不會被跟隨回家嗎！,看了等於沒看的爆米花
金爆行動 : (臺),喜劇、動作,5.5,https://img9.doubanio.com/view/photo/s_ratio_poster/public/p2889239465.jpg,2023-03-24,"深夜，一批戒備森嚴的神秘貨物被盜竊劫持……以奧森為首的特工團隊被政府安全部門勒令秘密調查此次事件。經調查，神秘貨物名叫“密匣”,是一款可程式設計人工智慧程式，擁有它的人可隨心所欲地控制軍事、金融等世界上任何的電子系統。“密匣”已在黑市上進行高價炒賣，億萬身家的軍火商格雷格則是這宗地下買賣的交易中介。奧森決定前往交易現場假扮接頭人，但意想不到的是另有一支隊伍橫空出現搶走了“密匣”，奧森和他的隊伍能否再次殺出重圍並完成拯救世界的任務？",英國 / 中國大陸 / 土耳其 / 美國,嚴重懷疑拍片洗錢！,沒活了可以咬打火機,全劇最佳片段居然是休格蘭特的那段不許賴我帳的離間計表演,無聊是真的無聊啊。找CHATGPT寫本子都不至於這個水平。本來以為人之怒已經是蓋裡奇失手之作了，看來還有下降空間。,像一部蓋裡奇AI拍的假蓋裡奇電影
劇透預警 : (臺),劇情、喜劇、同性,8.0,https://img9.doubanio.com/view/photo/s_ratio_poster/public/p2882014595.jpg,2022-12-02,影片改編自美劇新聞網站TVLine.com主席兼編輯部主任Michael Ausiello的傳記書，被描述為“一個關於愛和失去的故事，讓人心碎的悲喜劇”：Ausiello的男友Kit Cowan被診斷為晚期癌症，最終去世。兩人最後11個月中的生活描述中交織著此前相遇相知的片段，和他們一起走過14年的點點滴滴。克服了諸多障礙才找到真愛的他們，又要一起面對人生中最大的挑戰。,美國,忽然覺得李安可以把白先勇的故事拍出來。。。,真人真事改編，愛情與絕症主題。所有人都想要幸福結局，但有時候明知會BE，也要全情投入的去愛，被劇透的是目的地，而不是沿路的風景。可能是年紀大了，就喜歡看一些零零碎碎的戀愛流水賬。可惜電影沒能拍出13年愛情長跑的綿長感，而且個人感覺謝耳朵和本·奧德里基的角色應該對調。,不錯的同性愛情片，美國觀眾淚點實在太低了，抽泣聲此起彼伏，後面大哥估計哭得快虛脫了，我在前面聽得只能憋笑。,和世上無數愛侶一樣 這段看似模範的關係也會遭遇瓶頸和危機 也會有謊言和秘密 也許要不是突如其來的噩耗 他們沒走進婚禮的殿堂便會分道揚鑣 但每年一起躺在聖誕樹下望著對方的幸福是真的 夜半三更能抱著枕邊人而眠的依靠是真的 相伴十餘年心如刀割的不捨是真的 像片中最後所說的 這不是一個完美浪漫的love story 但卻是真實的love story,"配樂相當不錯，導演好品味。
缺乏出挑的橋段，難免只能歸入可供消遣的愛情電影。
過了一晚上，不斷回想謝耳朵告別的表演，覺得還是得加顆星，謝耳朵真是很好的演員。"
戲劇訓練營 : (臺),喜劇,7.3,https://img2.doubanio.com/view/photo/s_ratio_poster/public/p2897156061.jpg,2023-01-20,當紐約州北部一個破舊的劇院營地的創始人陷入昏迷時，古怪的工作人員必須與創始人的兒子團結起來，以維持營地的運轉。,美國,這不比奧本海默好看多了,3.5 非常可愛，非常真摯。雖然整個camp裡形形色色的孩子們的各色設定，多少顯得有點刻意，但是孩子們清澈見底的眼神裡在舞臺上是真的在發光。,"手持拍攝,臺上瘋癲表演秒切臺下懵逼表情，跟office很相似，但是還是笑死。最近小孩子的喜劇都好好玩！看完了出門還看到了諾蘭從《奧本海默》首映禮出來。What a day!",製作規格高，但不如《一場很（沒）有必要的春晚》瘋癲、虛無、驕傲。,偽紀錄形式搭配繽紛濃郁的年代感膠片調色，手持攝影機所傳遞出的影片質感絕對無與倫比。以排練為引呈現訓練營日常，輔以原汁原味的百老匯歌劇模式表達影片主旨：「愛與奉獻，夢想與追逐」，細膩真摯的情感傳遞自然生動鼓舞人心。孩子們可愛極了！無論表演亦或生活細節都充滿巧思足夠治癒。困難不過是插曲，熱愛才是永恆！希望每個人都可以有夢想併為之堅持，這是影片的價值亦是生命的意義。
選單 : (臺),喜劇、驚悚、恐怖,6.4,https://img9.doubanio.com/view/photo/s_ratio_poster/public/p2880339524.jpg,2022-09-10,一對年輕人去一個偏遠島嶼上造訪一家餐廳，據說這家餐廳的廚師會為人提供驚喜的選單。,美國,低階黑，膚淺到極致。人物沒有具體的動機，角色之間沒有真實的關係，全部都靠一道道菜硬扯的高概念去抽象地推動故事發展。結果就是後半段所有人都給出了當下情境裡最離譜的反應，全員都可以穿越到另一個平行宇宙。大廚懷著恨意做了菜，導演也懷著險惡的心拍了電影，多大仇多大怨啊，這用力諷刺的樣子也太可笑了。,看之前必須明確，這是一部荒誕電影或者諷刺電影，這樣才能相對接受整部影片。只不過，所有諷刺和批判都太表面了。最諷刺的是，這部電影呈現的狀態，恰好跟影片想要諷刺的東西一樣：故弄玄虛、做作且浮誇。算起來，我也應該是那種愛吃漢堡、烤串、以及各種路邊攤的選手，不是太愛這類風格。,"大牌雲集，但拍得咋咋呼呼，節奏散漫。
當女主靠勾起主廚初心來逃過一劫，我真的笑了，前面說著對富人剝削的諷刺與質問，原來主廚追求的是平平凡凡的快樂呀，真的好不一般，好有新意。我有一種看馬雲說 我沒有碰過錢，我只懷念當鄉村教師的日子。 這種蹩腳的做作感充斥著整部影片。",總體而言就是女主玩了一個真人版鏽湖旅館hosted by伏地魔和對他死心塌地的食死徒。最後靠喚醒主廚對烹飪熱愛得以逃脫的伎倆也太弱智了吧，類似於哈利最後娓娓教誨伏地魔什麼叫做母愛…,吃cheeseburger的女孩運氣不會太差
盟軍敢死隊 : (臺),劇情、喜劇、動作、戰爭,7.1,https://img9.doubanio.com/view/photo/s_ratio_poster/public/p2908456064.jpg,2024-05-24,影片根據二戰真實故事改編。英國正遭受德國的強勁攻擊，丘吉爾組建了一支秘密特工部隊，由古斯·馬奇-菲利普斯上尉（亨利·卡維爾 飾）率領由瑪瓊莉·斯圖爾特（艾莎·岡薩雷斯 飾）、安德斯·拉森（阿蘭·裡奇森 飾）等6位特工組成的極具“瘋”格的精銳小隊，透過一系列“非常規”、“無下限”的手段硬剛德軍部隊，最終逆天顛覆戰局，在對抗納粹的戰爭中取勝功不可沒。,美國 / 英國,"蓋導的片終於回到了那種隨便拉兩個男的都可以在嗷三上寫一堆文的狀態了
這片就是《三方國界》的好看版本",蓋裡奇真的很愛亨利，又一次拍出了大超濾鏡後他的man感。大鬍子大舌頭大尺度，瘋癲版男神一樣在散發如同機關槍掃射般的魅力。也要讚美下女主，這是迄今為止我看到最有腦的美女特工，每一次在以為她即將要犯蠢的時候都讓我狠狠哇塞一下！wowwww～,除了敵人一直不開槍等著被打之外，電影還是很好看,蓋瑞奇近幾年勞模程度能與之相比的只有張藝謀了，新片改編自邱吉爾未官方授權的秘密行動，第一眼想起了昆汀的惡棍特工，配樂與殺納粹的詼諧感特別有這種感覺，第二眼想起了2年前的《死間行動》，同樣有007小說家伊恩佛萊明參與其中的秘密行動，只不過亨利在本片所詮釋的角色更直接地促發伊恩佛萊明以該角的形象作為龐德靈感起源，所以即便演不成007，蓋瑞奇此番再邀亨利合作，也算是另類幫亨利圓了龐德夢。在近幾年的蓋瑞奇作品中，本片較貼近去年的金爆行動，沒有三幕只有二幕的感覺，情節起伏不大，但比起去年搞砸的金爆行動，本片明顯有趣不少，賣腐的部分依舊很蓋瑞奇，每年這樣看只想問蓋瑞奇不賣腐是會死是不是，艾沙岡札雷全片唯一的性感尤物，墨西哥人演猶太人多少有點出戲，但是岡札雷靠自身魅力證明這不是問題，有她的鏡頭都暈到不行。,抱著蓋裡奇版《無恥混蛋》的期待去的影院，海陸多線戰爭任務還以為他要玩《敦刻爾克》，實際拍的還不如《長津湖》。英國人也有自己的陳凱歌，幸虧只花了30塊錢。
美猴王 : (臺),喜劇、動作、動畫、奇幻、冒險,5.5,https://img9.doubanio.com/view/photo/s_ratio_poster/public/p2892142845.jpg,2023-07-30,《美猴王》是一部充滿打鬥場面的家庭喜劇，講述了一隻魅力十足的猴子手持金箍棒過五關斬六將，與上百個妖魔鬼怪以及龍王正面交鋒，並直面最大的敵人 — 他自己！在此期間，一位年輕的鄉村女孩逐漸瓦解了他以自我為中心的態度，並向他展示即使是最小的鵝卵石也能對世界產生巨大影響。,中國大陸 / 中國香港 / 美國,西遊記很深奧很暗黑的，把這麼多情節塞到一起像走馬觀花。周星馳現在真的很普通很平庸，這幾年有的電影賣慘，有的力不從心，有的很尬，沒什麼值得回味的。怎麼好多人在糾結‘魔改’呀，個個兒跟個老學究似的，以前周星馳《唐伯虎點秋香》也是魔改，大家不都看得津津有味拍手大笑嗎？還有濟公、武狀元蘇乞兒、韋小寶，哪個“尊重原著”了呀？這會子裝什麼學究。六老師拍的《西遊記》變成了兒童劇打妖怪，87《紅樓夢》連秦鍾、太虛幻境都沒拍，《新白娘子傳奇》又是魔改，又怎麼樣了啊？犯了大錯了？大家都只是雙標而已。要說就說這個動畫片好看不好看，就還行，看看便罷了，別指望一個電影能拍好名著，看個熱鬧又賣點兒《功夫》的情懷，就那樣兒。,好老套的劇情和流程，明明換成隨便一個猴子這個故事就是一個很標準的青少年成長的勵志小故事，非要去貼牌孫悟空，結構把整體故事限制住沒法發揮了。,金箍棒會說話這一個設定我就受不了🤦‍♀️亮燈像最土的熒光棒，聲音就像個壞了的音響，出點難聽的音效，竟然還有個配音演員…全場除了配音演員是華裔，和一個致敬包租婆的村長夫人以外…純美味兒…美國動畫電影工業沒得說，但是真的是完全沒啥文化的一個國家，什麼東西拿到他們那都是嬉笑玩樂，find your way 那一套…我的大聖呀！真是糟蹋了…,在還行和無聊之間漸漸滑向無聊,在片尾看到執行總監周星馳？我看錯了嗎？這個動畫就，不是非要用孫悟空啊，用什麼角色都可以套進的“主打一個名人效應”。以為林姑娘是白龍馬的我顯然想多了，500年後西天取經撈猴子，居然看到了八戒和沙僧，騙我沒看過西遊記嗎。龍王的定海神針看錯了俄式建築風格，猴子不愛桃子了要玩椰子，還有一段感受到了墨西哥風情，玉帝的妝容值得今年一個萬聖節cosplay吧閻王還有王母都…???王母好像英國老太，對比的龍王手下那倆在假蟠桃園扮蜜蜂的海底生物可愛許多。故事太廢了，只能看看純西式改的沒了靈魂的美猴王“中二時期”故事。還我童年偶像！CIN.IV.
小雞快跑2：雞塊新時代 : (臺),喜劇、動畫、冒險,7.0,https://img9.doubanio.com/view/photo/s_ratio_poster/public/p2897733695.jpg,2023-10-14,"勇敢的金傑（坦迪·牛頓 Thandiwe Newton 配音）和丈夫洛奇（扎克瑞·萊維 Zachary Levi 配音）同心協力，帶領同伴們逃出了死亡農場，並且在一箇中央小島建立起屬於小雞們的世外桃源。在這裡小雞們快樂無憂，自由自在，而金傑夫婦也迎來了他們聰慧調皮的女兒莫莉（貝拉·拉姆齊 Bella Ramsey 配音）。不知不覺間，莫莉長大了。她對父母的冒險故事倍感興趣，然而他們卻三緘其口，不透露半點資訊。當然，她對外面的世界興致更高，尤其印在卡車上的那個小雞樂園廣告，更令她心馳神往。
                                    
                                　　與此同時，金傑感受到來自人類社會的侵擾，她試圖把小島徹底隔絕隱藏起來，可就在這個關頭，不諳世事的莫莉跑出了小島，朝著她幻想的樂園前行……",英國 / 美國 / 法國,中規中矩，沒什麼毛病也沒什麼新意，這部續集應該誕生在二十年前,下一部是：小雞快跑3：雞球崛起,為上上週點了炸雞流下一滴懺悔的淚水。,預期不高因而驚喜過度，還沒有完全被迪士尼化侵蝕的動畫產業是所剩無幾的創意和想象淨土之一，而無甚新奇原創但偶然間合襯了諸多芭比大電影組合運用的同款逃離完美虛幻烏托邦的影像套路整合觀看時更是意外之喜（別忘了這裡還有一次毀滅性的大爆炸，就像另一部暑期檔話題電影那樣！）時代語彙更新的前提下忠實復刻再現並主題公園式擴增了前作的設定和魔力，自由鬥士解放慘遭奴役同胞的腳步從未停止，同時手工粘土動畫特有的光暈也未有為電腦動畫技術的日新月異所消減。無所不能的雞女俠們和戲份徹底被邊緣化，全部的工作只是挺起胸脯打鳴和憶輝煌往昔爹味說教的肯雞們的角色分配則是劇情和技術製作層面之外清晰可見主創觀念的與時俱進。兒童面向和政治寓言的比例依然恰切精準，任何人士都能從中獲得娛樂，這就是全年齡向看似輕易卻極難把控的劑量和尺度。,把全國的養雞場都解放之後 小島雞口勢必爆炸 還可能繼續歲月靜好嗎 🤔
麗莎·弗蘭肯斯坦 : (臺),喜劇、愛情、恐怖、奇幻,6.4,https://img9.doubanio.com/view/photo/s_ratio_poster/public/p2905073934.jpg,2024-02-09,設定在1989年，講述一個不受歡迎的高中生在一個電閃雷鳴之夜意外復活了一具英俊的維多利時代的屍體，她開始用車庫裡破損的日光浴床把他重建成她的夢中情人。,美國,本故事改編自小學生日記,少女情懷總是屍,其實對比Poor Things形成完美對稱，一個打著女權幌子其實最後保守到老公和狗熱炕頭，一個謙虛說自己是小雞電影哥特小妞其實敘事蠻先進男人閉嘴就是最大醫美。而且最後也沒有謀害繼姐也算一種女性互助？所以姐姐也沒有點破秘密。🤣最後結尾是致敬《諾丁山》吧,女人創造完美伴侶時第一要求就是男人不能說話。Diablo Cody似乎看到流行文化已經擁抱Jennifer’s Body的價值，迴歸她最喜愛的恐怖喜劇，但是可能這部也需要再過十數年才會被人認為是cult classic。無數細節致敬恐怖經典和元文字，非常風格化的攝影也在暗示觀眾完全投入故事本身的瘋狂，而不要用現實社會的邏輯和正常人的思維來衡量。彷彿Heathers那個被砍掉的結局，Veronica和JD一起綁上炸彈炸掉學校共赴黃泉，Lisa和怪物也在故障美黑機裡接受死亡和新生。美中不足的是它似乎太過於lean in復古風格，它似乎對主角正在經歷的喪母創傷和孤僻生活並不感興趣，而後徹底為愛瘋狂肆意謀殺也有點MPDG，可能就像電影裡的隨口打趣一樣，這只是一種goth phase。,沒評價的那麼爛，主要女主和姐姐顏值撐著。一直覺得女主長得像amber heard，男主裝造如果不是故意往johnny depp上套（剪刀手愛德華），我跟導演姓
瑪蒂爾達：音樂劇 : (臺),劇情、喜劇、歌舞、家庭、奇幻,7.6,https://img1.doubanio.com/view/photo/s_ratio_poster/public/p2881790199.jpg,2022-10-05,改編自同名音樂劇，故事以羅爾德·達爾1988年的同名小說為基礎，瑪蒂爾達是個天資過人的女孩，她擁有敏銳的思維和生動的想象力，敢於改變自己的人生並取得不可思議的成果。,英國 / 美國,四顆星給艾瑪和女孩精彩的表演，女主的天才和超能力。舞臺 美術，佈景，閣樓的書架房車的書架，蠑螈。zzzq都不說了。最無語的是對著艾瑪盪鞦韆的鏡頭仰拍裙底，不愧是男導演。男編劇（作者）貢獻了對繁殖的慾望（歌頌生育反正也不是他生），女性生育死亡（很多故事裡“他”確實知道真相只是視而不見），缺席的父親（但仍然是“偉大的父愛”），嫉妒表姐的繼表妹（雌競），惡毒的女性權威（校長）小女孩們看完這個信以為真這裡的女校長是惡人後，在現實裡會發現鍊銅和規訓她們的是男“權威”。女惡人們扁平化臉譜化確實很男作家式厭女。女孩可以看長襪子皮皮和託芙（雜文和短篇和傳記）。真的平等是女孩有拒絕穿裙子校服的權利，而不是灰呢子裙換成藍布裙，女運動員必須穿裙子“表演”，假的平等就是這部音樂劇的大部分劇情了,在Bfi 看了gala. 首映禮邀請了倫敦的許多小學生來觀看 讓我很感動。在每一個孩子反抗校長的瞬間 全場爆發雷鳴般的掌聲 真的是雷鳴般 大家都在歡呼 我竟然蹦出眼淚來 為他們難得的naughty。那一刻戲劇與現實連結。電影的初心是什麼？很多時候我們都被各種規則所桎梏 不僅是電影還有我們自己。在英國孩子被官方教導要相信自己 衝破規則的時候 我想起自己的小時候 甚至不用是小時候 大學的時候 被教導服從於規則。我感動於原來世界上有人鼓勵我們衝破規則 但我感到難過 鼓勵衝破規則的地方還在少數。我為他們鼓掌 希望未來我為我自己也為更多被教導服從規則的孩子鼓掌。,哭了 誰懂,6.5 不功不過的糖水音樂劇，甚至放棄了電影排程而全然自造舞臺，但。。。沒有比當下更需要這樣全年齡段的反規訓反強權意志了，即便只存在一些美好幻想之中，kids go revolting.,從Naughty就開始哭誰懂
藉口公司2 : (臺),喜劇,7.3,https://img1.doubanio.com/view/photo/s_ratio_poster/public/p2899827220.jpg,2023-02-08,因為種種原因經營不善的藉口公司倒閉了，在公司倒閉後，格雷格的生活一直很平靜。他按部就班的過著正常人的生活，與女友感情也十分穩定。但這樣的日子隨著格雷格決定向女友弗洛求婚而改變了。因為格雷格不得不把女友介紹給他奸詐的父親和前演員母親。因為擔心自己的父母會攪黃自己的姻緣，別無選擇，格雷格開始實施一個大膽的計劃。他重新經營了自己的藉口公司並招募了演員來扮演自己的父母企圖騙過女友。起初事情很順利，女友也認為格雷格的家庭十分妥帖，然而隨著接觸時間越來越長，假的父母終究還是露出了不少馬腳，這中間發生了一系列啼笑皆非的事情。最終，真相敗露，格雷格將自己的擔心告知女友，用真心打動了女友重回於好，也鼓起勇氣帶女友見了自己的父母，成就了姻緣。,法國,比較失望，過多的屎尿屁段落，廉價掉凳式笑料，鬧劇化,“法國開心麻花”一年一度爆笑系列，第三部快安排起來！,電影是好看的。就是漢化組翻譯的太差了。動物保護能翻譯成動物防禦，也是絕了。翻譯問題導致整個劇情特別不通，觀感太差了,太喜歡Philippe他倆的喜劇😂很久沒在電影院大笑了。,哈哈哈哈哈哈哈哈又傻逼又好笑我真的笑到打嗝。不接受把他們稱作“法國開心麻花”的叫法，也太看得起開心麻花了吧！還想看，請繼續拍！
不法岳父母 : (臺),喜劇、動作、愛情、犯罪,6.1,https://img1.doubanio.com/view/photo/s_ratio_poster/public/p2893654680.jpg,2023-07-07,歐文（亞當·德維尼 Adam DeVine 飾）是一個直率的銀行經理，即將與他的愛人帕克（妮娜·杜波夫 Nina Dobrev 飾）結婚。然而在他舉行婚禮周時，他的銀行被臭名昭著的“幽靈強盜團”搶劫。他剛到鎮上的岳父（皮爾斯·布魯斯南 Pierce Brosnan 飾）岳母（艾倫·巴金 Ellen Barkin 飾），便是臭名昭著的劫匪。,美國,好爛啊，但是居然有點好笑？看來我最近實在是過得太苦了……,網飛六分電影➕1……美國屎尿屁喜劇演員也有些青黃不接了，就這幫玩意沒了週六夜現場不斷輸血，連亞當·威尼斯這種萬年男四五配都能當男主了……布魯斯南和艾倫巴金都開始演老夫婦了，不過cp感真的很棒，英倫至寶和北美之花，真的是老了還是這麼有型，再加上勇度老爹，老幾位才是這片子的看點……剩下的就是平庸到死的劇情了，臺詞為了俗而俗，是真墨跡啊，綁架脅迫退隱江湖選手重操舊業爭分奪秒搞元子，還帶個名單，你以為還是尼古拉斯凱奇拍極速60秒那個年代?啊，真是，平庸,-You look like James Bond. -Which one? -Five. -That's a good one. 拆祖墳飛大車一段真是好看過速度激情,那麼多熟臉歡樂搶銀行多開心啊~,好喜歡這種五六分的無腦喜劇片，布魯斯南真是老當益帥啊，自嗨自嘲都好好笑（然後看影人頁意外發現導演也很年輕很帥），開車闖墳地那段功德笑沒了hhhh
唯我獨尊 : (臺),喜劇,5.3,https://img1.doubanio.com/view/photo/s_ratio_poster/public/p2876820568.jpg,2022-08-26,一名全職爸爸辛苦多年，終於可以趁妻兒不在家享受Me Time。他與昔日的死黨重逢，過了一個瘋狂週末，卻差點令自己的人生天翻地覆。,美國,歐陽時間太少了吧，完全工具人的工具人角色。,珍愛生命，遠離網飛原創網大。如果不是有話語權的大導演，到了網飛只有拍大資料網大的命。,Kevin Hart一出場就自帶喜感就行了唄,兩個都是喜歡的演員，話多很生活，我看得想走心，奈何只走屎尿屁，算是能樂呵下。,難得有部片用上火焰噴射器還是那麼平庸難笑
我們有鬼啦 : (臺),喜劇、懸疑、恐怖、冒險,5.8,https://img3.doubanio.com/view/photo/s_ratio_poster/public/p2887036542.jpg,2023-02-24,傳奇影業新片改編自一篇Vice刊登的故事。故事開頭是吉米雞毛在節目上問觀眾：誰想看真的鬼？然後他介紹了Ernest——一個幽靈，被一個叫弗蘭克人在自己家中發現，弗蘭克拍了很多關於這個幽靈的影片發到社交網路，並給它起名Ernest，因為覺得它長得有點像演員Ernest Borgnine。這個無害的幽靈因此紅遍全球。,美國,中規中矩，比較喜歡的臺詞是鬼被抓後，爸爸對兒子說的那番話，“16歲的你比45的我要優秀的多”。但是我很不喜歡他們一直叫鬼歐內斯特，後來都知道了那是殺他的兇手的名字，也知道了他的本名，還是不改口，你們自己叫著不膈應嘛,哈珀叔的daughter issue角色算是定型了。我真的需要停止觀看一些網飛水片兒,豆友是認真的嗎？劇情流暢演員演技線上加上一點感動和憂傷，你們就給5分？好多一星的都沒有親人在世嗎？說說缺點：女博士那條線應該展開些，這個角色本可以更出彩；小黑主角光環太大，黑爸淪為工具人。但我們不能因為它可以做的更好而否認它的好。,比較標準的作業式電影，但Harbour全程啞巴坐哪一癟嘴就很有說服力qaq突然覺得導演可能是怪奇警長的受撫慰，人設太重疊，彷彿沒看夠他孤獨終老被家人拋棄不被孩子理解強烈需要被救贖似的......,挺好的梗拍得恁無聊
蜥蜴伯伯里奧 : (臺),喜劇、動畫、歌舞,7.5,https://img9.doubanio.com/view/photo/s_ratio_poster/public/p2901353656.jpg,2023-11-21,這部成長題材動畫音樂喜劇講述了小學最後一年的生活，演員兼喜劇演員亞當·桑德勒（《精靈旅社》、《定製伴郎》）透過一隻班級寵物的視角，為觀眾帶來了經典爆笑場面。幾十年來，疲憊不堪的 74 歲蜥蜴里奧（桑德勒配音）和飼養箱夥伴烏龜（比爾·伯爾配音）被困在佛羅里達州的同一間教室裡。在得知自己的生命只剩一年時間後，他打算逃出去體驗外面的生活，卻被捲入了焦慮學生們的各種問題之中——包括一個極其刻薄的代課老師。出逃計劃最終成為了最奇怪但最有意義的遺願清單······,澳大利亞 / 美國,好久沒看過這麼溫馨歡樂的動畫電影了，著名喜劇演員亞當·桑德勒編劇並主演，以2023年為時代背景，現代感十足，在幽默搞笑之餘，又富有教育意義，E·B·懷特的童話《夏洛的網》起到了首尾呼應的作用。雖然是小學題材，但其實更適合成年人觀看，看完之後，我突然想重新去上小學了。去年有個《鱷魚Lyle》，今年有個《蜥蜴Leo》，Lyle是個歌唱家，Leo是個教育家，他們都是有才華的綠色爬行動物，在他們面前，身為人類的我真是自愧不如啊！,這蜥蜴怎麼長得那麼像阿爾帕西諾啊哈哈哈哈哈，歌比較一般，痛經窩床上看看還蠻無腦,輕鬆治癒小動畫。,可愛！,對於小學生來說或許幼稚，大學生來看剛剛好，超級無敵可愛，大學生就愛看這種，看完不僅想養蜥蜴，烏龜也是不錯的選擇
只想愛你 : (臺),喜劇、愛情,5.7,https://img9.doubanio.com/view/photo/s_ratio_poster/public/p2899604306.jpg,2023-12-22,男才女貌的Bea（西德妮·斯威尼 Sydney Sweeney 飾）和 Ben（格倫·鮑威爾 Glen Powell 飾）在初次約會時就發生一件天大誤會，令二人戀人未滿就變仇人。誰知天意弄人，他們竟在一場異地婚禮上重逢！面對親朋戚友大大力的推波助瀾，各懷鬼胎的二人決定順應民意假扮情侶。在仇人和情侶之間，你來我往，狠狠戀上。,美國,好歹毒的一小時四十分鐘😅,放棄幻想 認清自己就喜歡看大俗片的現實,電影院沙發很舒服 很好睡,I'm too old for this.,報看，男主能不能選個帥點的
雷蒙德和雷 : (臺),劇情、喜劇,7.1,https://img9.doubanio.com/view/photo/s_ratio_poster/public/p2881133676.jpg,2022-09-12,故事描繪一對同父異母的兄弟，儘管長年生活在失敗又失職的父親陰影下，卻能在晦暗生活中，發揮幽默天性相互扶持。就在命運突然向他們開啟一扇機會之窗，父親的辭世，帶來的是嶄新開始還是強迫面對充滿傷痕的過去？,美國,我覺得Raymond之所以要在門前敲三下，會不會是因為他沒敲門撞見他父親和他老婆在床上而留下的陰影。,其實有很多這樣的爹，禍害完女人又禍害孩子，死了還要搞這麼一出。為什麼要和解，我們可以選擇不原諒，然後在沒有他的世界裡繼續生活。,伊萬·麥克格雷格+伊桑·霍克，算一算，兩人加在一塊有9部「豆瓣TOP250」。曾經瘋狂迷戀過《愛在》三部曲，也為《大魚》《猜火車》深深感動過。所以不論《Raymond& Ray》如何，我都很感激這個深秋的夜晚，還能坐在地板上、喝著茶，看著這兩個迷戀過的「老帥哥」演戲，足矣足矣。（電影很治癒，而且光是看兩個人相互調侃都覺得有趣極了）,舒服的演技，荒誕的劇情，當伊萬拿起槍，霍克吹響小號時我決定多給一星。,最後的呼應（父子互睡對方的妻子，即便是前妻）我感受不到任何電影情節想傳達的釋然與愉悅，只感受到女性又一次成為了性客體，不喜歡，扣一星。
奇異世界 : (臺),喜劇、動畫、家庭、奇幻、冒險,6.5,https://img9.doubanio.com/view/photo/s_ratio_poster/public/p2882098775.jpg,2022-11-23,影片故事設定在一片神秘的、危機四伏的土地上，講述奇幻生物和傳奇家族克萊德一家的故事——充滿冒險精神的克萊德家內部的分歧可能威脅到他們的一次重要任務。,美國,完美的迪士尼 劇本真好 材質真好 動畫真好 打光真好 人物設計真好 有父子和解 有保護地球 有女性主義 有同性戀平權 有劇情的驚喜起承轉折和預料不到,挺好看的呀，故事人物設定都比光年正傳強，缺點是人物沒什麼魅力。看到角色場景很東南亞就猜到了，果然這波主創是東南亞裔。zzzq怎麼了，就要zzzq，zzzq故事也好看。,迪士尼究竟是想要透過電影賣什麼，賣桌遊還是史萊姆，抑或兩者皆想賣，然而，我不相信有人看完電影會想買其中任何。奇異世界的設定其實還算有趣，冒險反轉也有跡可循且出人意料，可惜故事重心被放在了父子情上，三代父子，父親永遠自以為是，兒子總是忤逆父意，從父子矛盾到父子和解都生硬而突兀，而孫子的職業選擇始終只有爺爺和父親兩個選項，他依舊沒能夠活出自己的人生。,故事還是迪士尼那個模板，老套看多了很難嚼，變得只有美術，在這個領域，迪士尼還是一直線上的，創意沒有瓶頸，什麼元素都能畫出一部動畫片來，佩服。豆瓣的惡臭還在爭吵裡面男主的通訊錄人設，人家迪士尼的設定都進化到，沒有出現父母驚訝的橋段，甚至爺爺那輩都是無縫接話，說明迪士尼已經越過討論通訊錄這個階段了，男生喜歡男生，在迪士尼的世界，就跟你爸是男的一樣正常，你說說你們這些豆瓣小惡臭們，對比一下， 你們是不是有點類人猿那意思了。,框架感太強，兩代父子強行矛盾，強行和解，然後說兩句不得不說的主題昇華。兒子的同性戀人，寵物狗的肢體殘缺和主線毫無關聯，感覺是政治正確小佐料。神龜大陸與世隔絕，在經過累世的繁衍後居然還有特徵明顯的白人爸和黑人媽，但他們的兒子才一代就是混血長相了，你說主角光環厲不厲害，意不意外？ 感恩節的電影院門可羅雀，有人也基本都是衝著黑豹去的。我和老頭子拖著娃，輕輕鬆鬆就包了場。老頭子本來就是抱著補覺的心思來的，娃只是一門心思的幹零食，我是那場唯一的觀眾.
看他們如何逃之夭夭 : (臺),喜劇、懸疑,6.3,https://img1.doubanio.com/view/photo/s_ratio_poster/public/p2876833728.jpg,2022-09-09,故事講述在1950年代的倫敦，一個孤注一擲的好萊塢製片人要把一出廣受歡迎的西區戲劇改編成電影，但此時發生了劇組成員被謀殺事件。因此，一個厭世的探長（山姆·洛克威爾 飾）和一個過分熱情的新手警察（西爾莎·羅南 飾）遊走在倫敦迷人的戲劇圈和骯髒的地下世界，陷入了令人費解的偵探故事中。,美國 / 英國,完全臨時起意去電影院，片尾字幕出來的時候超震驚地發現韋斯安德森跟這個電影一點關係都沒有（？）,常規犯罪喜劇，致敬倒是蠻多。如果男女互換成笨蛋奶狗男警探配不醉不歸女魔頭偵探，觀眾一定更愛看。另：Brody居然只在裡頭演了個屍體？？,有點《布達佩斯大飯店》+《利刃出鞘》的感覺，當然了，肯定是不及這兩者，但這部片本身還是有一種自帶的幽默氣質；多半要感謝羅南，她操著一口的英腔，搭配她那個一本正經的傻樣，真的是嚴肅搞笑的範本。,2.5🌟吧，風格模仿Wes Anderson痕跡太重，故事有點無聊🥱,其實是個元電影嘛，從戲劇結構到人物設定再到案件本身都與媒介息息相關，有很多影迷和從業者看了能會心一笑的冷幽默小梗（諸如一邊讓角色否定flashback一邊狂用），算是用自反與解構的方式在一定程度上緩解了劇作本身的無趣，尤其看到最後，真兇和（包括阿婆本人在內的）12個角色齊聚暴風雪山莊實景調侃《捕鼠器》，還是有一定趣味性的
你傷害了我 : (臺),劇情、喜劇,6.7,https://img9.doubanio.com/view/photo/s_ratio_poster/public/p2889692494.jpg,2023-01-22,一位小說家在無意中聽到丈夫坦率地評價她的作品後，她們之間的婚姻關係便開始惡化。,美國,挺可愛的《家人太supportive了怎麼辦》@AMC,臺詞真不錯。紐約中產白人的中年危機輕快得像風一般。,影片充分的告訴了我們一個道理：人但凡有了兩個糟錢就會開始莫名其妙的起高調搞事情；所謂的「中年困惑」也無非就是吃飽了撐的沒事幹之後閒得沒事找事。開篇的段落對映了電影的後文，果然更年期綜合徵的男女都是怎麼看對方怎麼挑刺、找茬、不順眼。不過靜下心來想一想：當紐約的高知中產階級白人還在為「他不喜歡我的書」這類精神潔癖煩惱、糾結、崩潰並鬱鬱寡歡的時候，我們許多第三世界國家老百姓都在戰爭、瘟疫、飢餓貧窮等水深火熱之中拼命掙扎並思索「怎樣才能填飽肚子」。這就是差距啊！你們的矯情才真正傷害了我！！！（倆男人看襪子的段落深有感觸！難道我也老了嗎？）,年歲尚淺，未至中年，閱歷有限，欣賞不來。,一部在細節上能打動人的輕快作品，就九十分鐘的片場來說還是可以一看的。旁邊坐著一對年紀較長的couple，笑聲不斷，散戲後聊起吃什麼的話題，語調語氣竟然和電影裡的那對一致，好像把電影自然延伸了下去⋯⋯
貓狗武林 : (臺),喜劇、動作、動畫、冒險,5.9,https://img9.doubanio.com/view/photo/s_ratio_poster/public/p2883433346.jpg,2022-11-12,小狗阿憨來到陌生的貓之國度，尋找對他有救命之恩的劍客高手，想要拜他為師。不想在這貓領地，狗是最不受歡迎的，就在阿憨要被無辜處決時，貓領主伊卡丘卻選他做新一任小鎮治安官。不知情的阿憨滿懷希望前去就任，卻被痛恨狗的貓居民們群起而攻之。機緣巧合下，阿憨遇到了曾經叱吒一時的劍客高手金寶，發現金寶正是曾經救他的俠士。意識到自己能力不濟的阿憨懇求身懷絕技的金寶訓練他，而金寶也勉強同意收阿憨為弟子。金寶教會了阿憨什麼是劍客之道，而阿憨也讓金寶重新找回對生活的熱情。一貓一狗聯手保護小鎮，挫敗了伊卡丘的陰謀。,英國 / 美國,成熟的好萊塢工業產品，可以輕鬆一笑,哈哈哈哈哈哈好逗啊，小貓咪真的可愛，皮皮狗嘛，也還行，他這劇情角色模式化沒啥好吐槽的，而且看這電影誰會看狗啊？！重點都是貓。emiko這種小孩就比較討人喜歡，這種不白左聖母的真讓人愛到了。那個另一個我喜歡的就是ika旁邊那個藍貓二把手，大聰明舔貓，笑死了，絕對的臥龍鳳雛，另外就是局座的jimbo，我印象裡那個集結兵馬那段聽到的應該是星戰變奏吧，反正很像，然後局座那個拿劍，驚呼master windu哈哈哈哈哈直到那個father出來後，徹底崩不住了哈哈哈哈哈哈哈，皮！反正很開心就是,至少2017年就知道這部動畫電影（肥貓背影版海報至今仍有印象），遲遲沒後續訊息讓我一度以為影片“夭折”了，結果今年終於上映了。可惜觀影之後，這部日本武士風格的《刀鋒劍客》於我的個人觀感遠遠不及《功夫熊貓》。,一聽師匠的聲音就知道是神盾局書記，我真厲害,"嘿嘿😁嘿嘿嘿嘿
片子裡梗好多，，，好多，，好多
滿屏都是喵的片子，豬腳是個狗，不錯不錯，這片子比迪士尼的看起來過癮，喜劇效果大好"
賤女孩 : (臺),喜劇、歌舞,5.6,https://img3.doubanio.com/view/photo/s_ratio_poster/public/p2901581727.jpg,2024-01-10,"影片改編自2004年蒂娜·菲編劇的同名電影和百老匯音樂劇，幽默探討時下美國青少女學業、家庭和交友等各種問題，勾心鬥角的塑膠姊妹花你爭我搶，誰才是Queen Bee？從小在非洲長大的高中轉校生凱蒂（安格瑞·賴斯 Angourie Rice 飾），第一天上學就遇到校花瑞吉娜。面對瑞吉娜（芮妮·拉普 Reneé Rapp 飾）的處處針對，凱蒂決定在這場校園鬥爭中展開反擊。
                                    
                                　　影片片名其實是“刻薄女孩”的意思，這正是蒂娜·菲創作本片的初衷——有時候對女性最刻薄的反而是女性。",美國,視覺汙染，好萊塢審美降級真是太嚴重，這四個女生素質遠不如原版不說，一個個的還都打扮得和20幾的pornstar一樣一度讓我以為我是在看某hub上的同人影片,I thought Z-gen mean girls are more progressive. It turns to be same old story with more boobs out and TikToks. So anti-feminism and so anti-barbie,男主很醜還沒靈魂，你塢消費降級得很厲害，but Renee Rapp slayssssss 💅🏻。,土 而且是generational的土 那種和姐妹一起看都救不回來的難笑 原版本來就有些封建糟粕在身上的結果這次立意毫無創新,本來客觀來說是個無功無過的作品，但硬是要找一群平庸的人來翻拍賤女孩，還改成音樂劇，和原作相比，沒有任何取勝的地方。電影院裡的每一秒只想讓我回家看一次原版。
不足之處 : (臺),劇情、喜劇、愛情,7.0,https://img1.doubanio.com/view/photo/s_ratio_poster/public/p2895559980.jpg,2023-01-22,蘭道爾·樸將首度擔任導演，執導路邊風景影業新片《短板》。該片改編自艾德里安·托米恩創作的同名漫畫，托米恩也將為該片撰寫劇本。原著漫畫聚焦舊金山灣區的三個年輕亞裔美國都市人——Ben Tanaka、Miko Hayashi與Alice Kim，他們在一系列人際關係中遊刃有餘，為尋找理想的情感共鳴而穿越全美國。場景設定在咖啡館、酒吧和臥室裡，他們的故事以赤裸裸的坦誠和犀利的幽默相互碰撞與交織。,美國,#Sundance2023  挺好看的反crazy rich Asians喜劇，描寫真實的亞裔普男，普通但不自信且對一切都sour的那種，住在灣區沒怎麼去過紐約但咬定紐約overrated，躺在沙發上重看四百擊和早安，路怒，幻想白女，永遠推卸責任，mildly racist and quite misogynistic. 每小段的標題被迅速點到，不知為啥這給我感覺很Asian，有高考作文點三段小標題之遺風,亞男來美國過了兩代還是這樣，我怎麼能對那些高中本科才開始在這的國男有高期待呢哈哈哈,爆笑歡樂又帶點溫情，推薦！關鍵是戲裡面的角色沒一個好東西，這才是真實。大家都在說這是亞裔普男的故事，but Justin Min還是比亞男的顏值外型平均值要高很多的……以及導演Randall Park的野心也是不小，一開場就猛攻其他幾部亞裔影片，而且把亞裔男看到白男亞女interracial couple的心裡話都寫出來，膽子也是太大！,超五星劇本！太TMD真實，至賤至渣至真！！！男的怎麼才不能是王八蛋，教材。,advance screening｜挺不錯的小品喜劇片，全程笑到頭掉，好久沒有見過這麼典的男人了，也完全沒有美化或者憐憫男主的意思。Sasha走前和男主說，我不想你怪社會、我的性取向或你的種族，你要知道問題是你自己。Miko最後說我分手好開心再也不用聽這些bullshit的時候，我旁邊兩位觀眾都忍不住鼓掌。遠離男寶保平安，阿彌陀佛
閃婚 : (臺),喜劇、動作、愛情,5.5,https://img1.doubanio.com/view/photo/s_ratio_poster/public/p2881363570.jpg,2022-12-28,一對準備結婚的愛侶達茜（詹妮弗·洛佩茲 飾）和湯姆（喬什·杜哈明 飾）在婚禮前夕卻開始臨場退縮，然而還是召集了他們可愛又固執的家人，準備來一場終極旅行結婚。但派對出現意外，所有人都被綁架成為人質，命懸一線。兩人在拯救家人的過程中，重新發現了當初墜入愛河的原因。,美國,編劇可以，嚴謹。全程好看不拖沓。演員演技線上，哈哈哈，比我預期要高，5星鼓勵一下吧。哈哈哈。好歡樂。從一開始就笑不停。唯一：黑人那奶，一直露著，看吐了。,Marry Me加上這部再加上JLO嫁大本已經連著穿三回婚紗了，JLO和杜哈明都是過去20年如一日奮戰在浪漫喜劇前線值得稱讚👍作為動作喜劇和RC的雜糅還蠻熱鬧的，還有新晉視後珍妮花拿起大槍“nobody mess with my family!”JLO穿著撕短的紗裙加戰鬥靴手持大刀宛如亞馬遜女戰士（老公：愛了愛了）兩部電影最後都是女主求婚哈哈哈姑娘們幸福要靠自己打下江山啊～,2.5，輕鬆+愉快，適合過年看,就算戲院冇其它戲睇，我都唔應該pick一部咁嘅屎黎聞。前面一堆人傾來傾去無聊到爆直接睡著，我醒返時已經海盜上島，個個都喺到浸游泳池。咩都莫名其妙，把槍一次都冇射中過，一班海盜同冇腦咁，最離譜嘅係又唔好笑。唔知點解，香港經常上啲九唔搭八嘅垃圾。,喜愛兩位Jennifer的話，還是不乏趣味的，JLo現在的選片就是大家亂糟糟熱熱鬧鬧，最後大團圓。所有人都在等Jennifer Coolidge補充幾句俏皮話，看她槍殺海盜
古宅老友記：2022聖誕特別集 : (臺),喜劇、奇幻,8.9,https://img1.doubanio.com/view/photo/s_ratio_poster/public/p2885617910.jpg,2022-11-27,"The Ghosts, touched by Alison’s thoughtful generosity, are inspired to give her a special Christmas present in return – but with Alison due back in a matter of hours, can they pull off their ambitious plan in time?",英國,太溫暖了太溫暖了嗚嗚嗚，聖誕節的早上看得我被感動到。Alison真的天使！用心準備了這麼多的禮物給大家。大家也都是天使，Robin真的樸實又智慧，還有我們Captain簡直就是仙女教母本仙。Pat的錄影帶真的看得我嗚嗚哭。聖誕特輯真的好溫暖好溫暖。Merry Christmas and goodwill to all men.,又是一年聖誕節。Alison給每個鬼鬼都準備了禮物，而這些可愛鬼們也排練了一場童話劇送給Alison。Robin雖然是個跟不上時代的老猿人，但他卻有著一顆很溫暖的心，主動去安慰Pat，邀請Pat重新導演。Robin真的太棒啦！Captain不愧是上校啊，可以看出十分會鼓舞士氣，會安慰別人，每個鬼鬼都超棒der！,不管他們演了什麼，都要五星。甚至於他們演完這出戏，我瘋狂鼓掌！為了他們的用心，也為了Alison用心給他們準備禮物！好愛這一大家子人or鬼。,這部劇總是讓我笑著笑著就流淚了……在熱鬧的兒童劇表演現場，突然閃過Alison一個人在空曠的大廳裡大笑的畫面(Mike戴著耳機在玩別的)，突然覺得有點傷感，Alison是這群可愛的ghosts在這個世界上的唯一聯絡了，如果哪天Alison也離開了，他們也就不“存在”了……,"這短短一期特別節目要比整個第四季每一集都要好看。好溫暖好感動，逝去的人被紀念，留下的人彼此陪伴，大家都是天使，彼此珍惜彼此守護。

我是真心的很喜歡這部劇，也在把這些鬼當做家人。"
博很恐懼 : (臺),劇情、喜劇、恐怖,7.1,https://img3.doubanio.com/view/photo/s_ratio_poster/public/p2886073087.jpg,2023-04-20,男主角博是一個極度焦慮但看上去和藹可親的男人，因為從未見過父親，導致他和專橫的母親關係緊張。博在一個神秘的情況下得知母親去世，回家路上卻發現關於自己的令人震驚的過去。在這旅途中，他遇到了各種瘋狂的超自然威脅。,美國 / 英國 / 芬蘭 / 加拿大,老年博的奇幻漂流之媽寶的多元宇宙,"譯名太直譯了，我看應該叫《孩怕》，原來這個詞就是為這電影而生。
高度符號化和意識流的片子，要不是鳳凰叔演技好，會很難頂。
戀母情結是西方X教文化裡很濃墨重彩的一環，由此又衍生出大量原生家庭問題和心理疾病。
東方文化裡不但沒有這種癥結，反而較為崇尚哪吒鬧海那種掙脫父權的精神，註定我們看這種內涵的東西難以共情。
還沒看的建議不看，你三小時的人生值得拿來做一些更有意義的事。",5年前在戲院看宿怨，大抵上就感覺到亞瑞艾斯特是非常喜歡挑戰觀眾的創作者，也因此第二部仲夏靨故意跳過不看，第三部在漫長的3小時中，用各種形式的夢魘，直擊精神病患者的內心，讓觀眾陷入焦慮與困惑之中，基本上毫無劇情邏輯可言，因為它是用符號建構而成的片，全片分成4種夢魘，第一種：末日焦慮夢魘；第二種：完美中產家庭夢魘；第三種：奇幻寓言夢魘；第四種：原生家庭夢魘，前三種夢魘最後都彙集於原生家庭，母親的佔有、兒子的逃離、父親的高潮而死，想逃離媽媽掌控自己卻已經成了媽寶，想改變也改變不了，最後便在內心良知的自我公審中死去。全片算最喜歡第三段夢魘，二次元混三次元的視覺手法呈現，美術相當吸引人，部分橋段的符號編排確實滿有意思的，但全片3小時看下來實在是無法喜歡這部片，這部片註定難賺錢，也很難跟別人推薦就是了。,看到評論譯名男寶怕怕笑出聲。。,我be like關曉彤大喊：到底什麼是真的？你告訴我什麼是真的？
暴力之夜 : (臺),喜劇、動作、驚悚、犯罪,6.0,https://img1.doubanio.com/view/photo/s_ratio_poster/public/p2881407620.jpg,2022-12-02,一支傭兵團隊在聖誕夜突襲一棟富有人家的豪宅，並且挾持豪宅內的所有人為人質時，他們竟然遇到一個完全意想不到的強勁對手：聖誕老人（大衛·哈伯 飾），而且他會讓他們知道聖誕老人並不是一個面容慈祥、心地善良的聖人。,美國,在溫哥華的一個雨夜，我們吃完泰國面。他問我看電影嗎，有積分。我說看看遠不遠以及有啥電影。結果電影院就在前方200米，於是我們看了這個。很熱鬧，過去四年都在看真愛至上，我想這就是我今年的聖誕電影了，聖誕快樂大家。,D：我並不是一個介意電影道德上不完美的人，但當電影藉由聖誕老人區分所謂nice和naughty，先於觀眾進行道德審判的前提下，這部電影就顯得無比虛偽。貪汙三個億的老太太、從老太太手裡偷錢的父親，就不應該happily ever after。所有無辜的僕人、實施搶劫的窮人劫匪和入贅的至少不是富人的演員死光，聖誕老人也suffer良多，唯獨富人一家五口人溫溫馨馨地聚在一起表態我們相信聖誕老人，真的是無比諷刺。,環球那個《疾速追殺》動作組已經對這種型別片信手拈來了，無論是後面的《小人物》還是《子彈列車》，再到這部，血腥動作戲份不會讓人無聊。那段小孩子設陷阱的劇情，能笑爆！,弱智電影,"創意很棒，聖誕老人是個暴躁又善良的酒鬼，包袱就像哆啦A夢的口袋可以拿出各種各樣的禮物，甚至還略微涉及到了聖誕老人殘酷的起源故事。
然而劇情卻不那麼有趣，聖誕老人因馴鹿走失，而被迫拯救一個資本家庭。這個家庭是如此的冷漠、滑稽、割裂、缺乏尊重和愛意，看上去根本不值得拯救。這裡還有一群非常俗套的反派，把所有經典的反派錯誤都犯了個遍。
動作設計比較糙，但好在有些有趣的時刻，例如聖誕老人帶著壞蛋竄煙囪，非常血腥但又不失聖誕感。
總的來說，放低要求欣賞，它還是值得一看的。期待續集奧斯卡伊薩克飾牙仙子。"
追星奶奶團 : (臺),劇情、喜劇、運動,6.6,https://img3.doubanio.com/view/photo/s_ratio_poster/public/p2884973543.jpg,2023-02-03,故事講述四位高齡奶奶決心前往超級碗現場觀看她們的英雄布拉迪比賽，從而展開的奇妙旅程。,美國,看本片的過程吧，我老是想起老太太趙麗蓉。這四位，都有著穿越好萊塢影史的資歷，人老風采依舊，依舊可以擔當主角，鼓勵一票老年觀眾繼續熱愛生活，勇敢面對風燭殘年。本片橄欖球的部分只是一種包裝形式，這是個優點，興趣愛好只是人們生活情緒的一種延伸感知，享受它但別當真。,似乎是《同妻俱樂部》的“超級碗特別番外篇”，劇集完結之後繼續看到Lily和Jane有著各種有趣“奇怪”的合作真的很快樂；四位資深演員的火花或是Tom Brady本人加持的噱頭，都已讓這部電影賺足預先好感。故事雖然老套，但“任何年齡都追求自我”的精神簡單動人；並且市場能夠湧現這樣的電影或是持續給予亮相，終歸是件好事。可以有更獨特的效果，但止步於此，也無傷它的歡樂。,這是追星最美好的一面吧，鼓勵自己的偶像走向勝利，同時用偶像來激勵自己積極的面對人生，在追逐的過程中，讓自己也年輕了。不過這部片有些分裂，四個閨蜜各有各的故事，只有靠友誼粘合在一起，多少差點意思。另外，本來是半價場，我沒注意用了會員免費票，大意損失7塊錢，後悔死了。,「I wanted to have one last unforgettable experience before it was too late.」,比較普通的老妞電影，有點浪費四位奶奶的魅力，看到最後發現居然還是真人真事改編，更浪費了。
黑化遊戲 : (臺),喜劇、驚悚、恐怖,5.7,https://img9.doubanio.com/view/photo/s_ratio_poster/public/p2895456534.jpg,2022-09-16,"Seven Black friends reunite at a cabin in the woods to celebrate Juneteenth. They ignite in friendly banter as they arrive, referencing old jokes like they just saw each other yesterday. But as night falls, things begin to go awry in the picturesque cabin. Lights go out and a masked archer stalks them from outside. Once they’re trapped in a room, the group must play the ultimat...",美國,低分沒品，打著低分幌子搞歧視的也別裝，這裡是簡中，你大方明牌搞歧視也不會有啥後果的🤡,黑人版驚聲尖叫+我知道你去年夏天幹了什麼，黑人自黑的梗還不錯（《老友記》有幾個黑人演員？正確答案是黑人絕對不會看《老友記》），主要還是反派太好猜了，一出場就到處找人借安卓充電線，你不是反派誰是反派啊！（無慈悲）,介於“有一點意思”和“沒多大意思”之間，前一個小時看這群人參加開心辭典還有點意思，後半小時兩撥人分開躲貓貓反倒沒勁了。,非常可愛的恐怖片！你們明明每個人多少都看過 Friends 就不要再倔強了好嗎 (●'◡'●),完全get不到笑點，而且畫面黢黑。
偶得迴響 : (臺),劇情、喜劇,7.3,https://img9.doubanio.com/view/photo/s_ratio_poster/public/p2895230664.jpg,2023-01-20,12歲的小女孩喬治亞失去了母親獨自過日子，從未出現的父親突然闖入她的生活。1994年出生的導演夏洛特·里根自編自導的長片處女作，她鏡頭下年幼喪母的小女孩不再是可憐兮兮的社會批判題材主角形象，而是個古靈精怪充滿幻想的小“社牛”，一向以炫酷帥哥形象出現的哈里斯·迪金森（《悲情三角》）飾演父親，兩人將一出父女重逢後相互慰藉、走出悲慟的戲碼演繹得輕鬆無厘頭又不失溫情。榮獲2023年聖丹斯電影節世界電影劇情片單元評審團大獎、入圍2023年北京國際電影節主競賽單元。,英國,"[siff]Georgie企圖用腳踏車的零件造出一座通向媽媽的巴別塔，“我一個人也能生活得很好”的背後是一個十二歲女孩在無數深夜孤獨熬過悲傷的五個階段，從天而降的父親是麻煩也是陪伴，至少以後不會再有過期的牛奶錯過的生日，幼稚的舞蹈有人欣賞，掉落的牙齒有人想偷偷收藏，我們會一邊搞砸對方的生活一邊學習成為彼此的家人。盲盒開出一部這樣簡單可愛的電影來結束我大雨裡奔波的上影節是我應得的。

（跟曬後假日不能說有幾分相似，簡直是毫無關係，拿來對位元別沒意思，反而父女倆互相嫌棄地一起偷車有點讓我聯想到紙月亮）",【Sundance 2023】古靈精怪小蘿莉和廢柴帥老爸，非常活潑可愛討喜的電影，想不火都難,希望哈里斯迪金森能早日演一個聰明人。,蜘蛛擁有名字就能交流，蛋糕沒有蠟燭也能吹滅，存有媽媽影片的手機不是單純的手機，搭建到屋頂的腳踏車零件可以通往天堂。你是牙仙想偷走我的乳齒，也會魔法能在草地變出手鍊。蠢爸爸只知道花錢找被打的女孩私了，卻忘記問女兒打人的原因。笨爸爸只知道錯過了我太多生日，卻忘記從今天成為父女也不遲。,#SIFF25# 還算常規的歐洲小片，但是拍得很年輕很當下，而且留白都挺漂亮的，所以觀感很好，三星半。試問誰不想要哈里斯來做daddy？（不是）
萬物生靈：2022聖誕特別集 : (臺),劇情、喜劇,9.3,https://img1.doubanio.com/view/photo/s_ratio_poster/public/p2885514248.jpg,2022-12-23,It’s Christmas in Darrowby and everyone is trying to make the most of things while the world is at war.,英國,節日本來是親朋好友慶祝在一起，歡樂滿庭，但是這一次，離別甚至更可怕的陰影之下，每個人心中都飽含珍惜。戲裡戲外，這個冬天都太難了，祝大家平安，熬得過戰爭，熬得過新冠。,只要拍得足夠長，我霍爾太太和齊格菲會在一起的預言是不是就會成真。太溫柔了，每次都治癒到。,Mrs H和Gerald終於親親上了,這一年過得實在太艱難了，到最後連聖誕節都沒得過…一想到這就哭得更厲害了。,"看得我一把鼻涕一把淚。又是一個溫暖的聖誕，有人親吻，有人離別。世界很糟糕，還好人們還有愛的能力。Darrowby的每個人都善良，體貼，智慧，勇敢，這何嘗不是一個烏托邦。最後Farnon兄弟告別，are we huggers now? 簡簡單單的臺詞勝似千鈞，一句bar bill又輕鬆化解，讓人會心一笑。當然我流淚的契機還是那句You are allowed to cry, even if you are a grownup."
熱情洋溢 : (臺),喜劇、歌舞,6.6,https://img3.doubanio.com/view/photo/s_ratio_poster/public/p2882488513.jpg,2022-11-11,一個音樂劇版本的查爾斯·狄更斯的《聖誕頌歌》，一個吝嗇的厭世者被帶上了一個神奇的旅程。,美國,atv+上隨便點的，很意外的是，其實還挺好看的。特效做的很好，有一些笑點，主題也是沒有完全的壞人好人，其實都是一步步走出來的，這個主題也比傳統的聖誕電影好不少吧。,沒什麼新意，看個樂的瑞恩·雷諾茲歌舞片,歡樂又可愛，很難得的、具有著古早味的聖誕閤家歡喜劇，歌舞元素很迪士尼，喜劇元素被兩位主演拿捏得也不錯，不過電影的敘事上還是有點鬆散，有幾場戲長得到乏味。Good Afternoon這個梗可以的！,還不錯，夠熱鬧，就是劇情發展到還會有點囉嗦了。RR應該是第一次挑戰歌舞片，唱歌不強求了，舞跳得還是可以的~,此片提醒我們2022的聖誕節就要到了。。。p.s. 小賤賤除了工資外還應該是為了孩子拍的吧，聖誕影片裡有爸爸，可以聖誕節全家一起看
下一球成名 : (臺),劇情、喜劇、運動,6.6,https://img1.doubanio.com/view/photo/s_ratio_poster/public/p2897795098.jpg,2023-09-10,該片以2013年同名英國紀錄片為原型，講述了美屬薩摩亞足球隊的故事，這支球隊原本被稱作世界上最差的球隊，卻不斷努力最終在2014年的世界盃突破了自我。在球隊取得佳績的同時，同名紀錄片也獲得了英國獨立電影獎最佳紀錄片獎。,英國 / 美國,好俗啊！好平啊！好老梗啊！好無厘頭啊！但走出電影院就是被治癒到了是怎麼回事（扶額）肯定是因為金髮的法鯊哼！,真的好好看，比我想象的好太多了,美屬薩摩亞版《紅高粱模特隊》,"前一秒還在鼓舞球員，轉頭自己就EMO；每當法鯊陷入認知困境，大叔出來講兩句就沒事了，轉折過於簡單頻繁，作為運動勵志片顯然不夠合格。
但本片基調輕鬆詼諧，島民可愛、風景貌美，看完實在是讓人想在此長久定居，是一部不錯的喜劇和旅遊宣傳片。",對Taika Waititi抱有任何期待都是一種錯誤
人道主義吸血鬼在尋找自殺自願者 : (臺),劇情、喜劇、恐怖、奇幻,6.7,https://img1.doubanio.com/view/photo/s_ratio_poster/public/p2896753280.jpg,2023-09-03,薩沙從小就面臨一個嚴重的問題：她是一個吸血鬼，但卻沒有辦法對人類下手。她的家人一直在想辦法讓她接受自己的天性，這期間她一直靠服用血漿生存。一天，她遇到了一個想要自殺的青年保羅。保羅長期遭受身邊人的欺負和指責，對這個世界感到絕望，並決定完成最後的願望後將自己的生命獻給薩沙，幫助她找回天性。,加拿大,離奇，離奇的合理，將超自然力量放到青春期，從乖張到溫馨，非常適合與《超異能族》中漂浮的橋段、《爆炸》中動心的瞬間做比對，同構如出一轍，妙不可言,80屆威尼斯日最佳影片。當“人道主義”邊緣吸血鬼遇到受欺負抑鬱自殺的人類，實際上是兩個各自群體中的異類相互療愈的過程。,為什麼這麼無聊的片子會這麼高分？,3.5 #viff2023 有些舊更但確實還是有dark humour 但是大部分觀眾一直持續爆笑 就也真的是？？？  旁邊那個女的關注開場前一直唧唧呱呱說要買另外一場Rocky的 還說這是movie lover feast 嗯 你全場都在狂笑 真的是要求很低了 電影拍的算規矩 燈光場景transition plus bg music contract 該有的都有 看的出特別想用幾場室內戲製造氛圍 比較刻意罷了 故事沒啥特色”The end of fu*kin world” plus”Wednesday “.  情感戲太生硬 play record那段簡直尷尬…,好米米的女主，好陰鬱好喜歡的男主小哥。
黑莓 : (臺),劇情、喜劇、傳記、歷史,7.2,https://img1.doubanio.com/view/photo/s_ratio_poster/public/p2890984698.jpg,2023-02-17,黑莓是世界上第一款能夠聯網的智慧手機，曾經的黑莓從走上巔峰到跌落神壇只用了十年的時間。90年代的加拿大，和所有的天才一樣，麥克在畢業前的兩個月決定輟學 創立了一家科技公司。麥克設計的手機有瑕疵，無法撥打電話，但是可以接收電子郵件。 同時天才也有著致命的弱點，麥克完全沒有推銷的口才。此時一個名叫吉姆的西裝格履的男人走了進來，兩個人就這樣開啟了一段創業故事……,加拿大,說這片比社交網路好的應該沒有看過社交網路,《氣墊傳奇》公式化差口氣，《俄羅斯方塊》強加政治線，《黑莓》有社交網路那味兒了，姐當年還是黑莓粉，嚯！有誰懂觸屏用拼音九宮格的痛啊，鍵盤26格就是很有安全感啊！從頭到尾看似是90年代的片子，直到COO說希望過了今晚你們都變成男人而不是隻會玩雞雞的巨嬰男孩，現場唯一的女性眼神錯愕，如果不是爭取男女同權的今天，這個女性鏡頭根本不會給到，就算給到也是以男性的戰利品出現。區別於阿本和達蒙的戲霸和金句浮誇堆砌，黑莓更多的是用電影語言進行表達。,故事講的蠻清楚，不過黑莓死也不能全賴華強北吧哈哈哈。產品僵化肯定會被吃掉啊，就像蘋果現在的釋出會也是越來越雞肋。另外Mike老兄也是不太會做人，甩了哥們兒賣了合夥人最後還是給公司幹黃了，但這樣的設定看起來雖爽也還是太臉譜化了，確實像一場鬧劇。,"＃Berlinale 73rd Wettbewerb #Zoo Palast
4-
延續了《雪崩計劃》手持與不斷對人物zoom in out的攝影風格，用連續不斷的笑料和兩極分化的人物塑造充實典型的創業故事，主要人物關係的演化著墨不多，但好在有足夠的外力驅動並不顯得生硬。
（原來資本主義的白噪音癥結都怪made in China",黑莓死於嘴硬。最佳配角：中國製造。
木偶奇遇記 : (臺),劇情、喜劇、歌舞、家庭、奇幻、冒險,5.6,https://img9.doubanio.com/view/photo/s_ratio_poster/public/p2878754525.jpg,2022-09-08,真人版《木偶奇遇記》，重新講述木偶匹諾曹努力成為真男孩的動人故事。,美國,沒有特色，也沒存在意義的一部真人版，它最大的價值應該是迪士尼居然在電影裡搞了一隻巨鯨化的章魚鯊。,仙女出場的時候我和媽媽都笑了，不約而同相視一笑，沒有什麼別的意思，就是覺得好笑😅……,迪士尼基本操作而已，子供向的看個熱鬧就好，傳遞真善美永不過時，沒必要揪著兩三分鐘的“藍仙女”戲份嘲/黑，“反政治正確”本身又何嘗不是另一種“政治正確”？,他賣掉了所有的鐘，只為一艘能尋找孩子的船。「你比一切都重要。」,仙女是黑人挺好的呀，誰說只有白人才能當Fairy…… 不過除此外就沒有任何改編痕跡了。
雙軌人生 : (臺),劇情、喜劇、愛情,6.9,https://img1.doubanio.com/view/photo/s_ratio_poster/public/p2876452958.jpg,2022-08-17,講述在畢業前夕，娜塔莉的生活分裂為兩個平行的現實：一個是她意外懷孕並且必須在德克薩斯州的家鄉作為一個年輕的成年人度過母親；另一個是她搬到洛杉磯，去追求她的事業。在這兩個人生中，娜塔莉都經歷了足以改變人生的愛情、追求她夢想的藝術家生涯，並重新認識了自己……,美國,這部電影就是典型為那些愛抱怨的人準備的教育片….“如果我當初不是選擇這個，我的人生可能不會這樣….”女導就是用一個簡單未婚先孕事件做了一個起頭，讓女主盡情演繹了一下一個事情兩種選擇後的過程以及結果…有哪個更好嗎？至少我沒覺得哪個更好也沒覺得哪個更糟….因為不都有高峰與低谷快樂與悲傷麼…所以別抱怨，做好選擇就不要抱怨….ps美國的後現代教育是有多不想養育孩子，表面看是有主見，背後就是不敢承擔&自私自利….,人生的兩種選擇。「你也過得很好。」看到最後有點莫名的感動。,傳遞的價值觀也就在電影童話裡會有吧，片子最成功的地方在於選角所有人都很耐看，男二頭型鬍子和嗓音好像亨利卡維爾,如果我是女主的朋友，我想說的是，不管你做任何決定，生孩子還是不生孩子，我都會陪在你身邊，一起進步努力賺錢，一起熱愛生活。,A面是低齡媽媽的雞毛日常以及在生活混亂中尋求喘息的勉強下去；B面是在職場找到抱負理清心中所向所想的前進人生。減法、YA氣息濃厚的《荼蘼》式故事立足於一個很單薄的出發和頗為夢幻的濾鏡，整部片只充斥著Lili Reinhart無辜地瞪大眼睛，感受不到任何一種生活或是身份帶來的折磨或是前進；頗有種“無論怎麼選，老孃也是絕美朝大銀幕/流媒跳的電影咖啦”的既視感。儘管沒有提供什麼有趣的故事，儘管它接近佔去了將近兩個小時的時間，但看到Lili不會讓人討厭已算及格；就當是偶爾佐餐的一個輕鬆無害的都會童話。
出走俏嬌娃 : (臺),喜劇、驚悚、同性,5.3,https://img2.doubanio.com/view/photo/s_ratio_poster/public/p2903904911.jpg,2024-02-23,"伊森·科恩將獨自執導一部女同公路電影，並與妻子Tricia Cooke一起寫劇本並製片，焦點影業和Working Title為製作公司。
                                    
                                　　該片目前沒有名字，其實伊森和Cooke在十幾年前就寫了初版劇本，那個本子叫“Drive-Away Dykes”，是一部羅斯·梅爾(《飛躍美人谷》《雌狐》)風格的動作/性/喜劇片，當時計劃給Allison Anders執導，伊森只擔任製片，但如今看來他決定拿來自己拍了。故事講述一個派對女孩與她保守的朋友踏上了從費城去往邁阿密的旅途，除了泡吧之外，還會遇上帽箱裡的人頭、刻薄的前女友、神秘的旅行箱和邪惡的參議員。",英國 / 美國,片子只拍80分鐘的導演都要支援何況是科恩弟，結果這個質量。。。老男人拍女同的視角cree不creepy有沒有獵奇我沒資格說，但這種六十老幾了還想趕上趟自以為很edgy的樣子我是能辨認的（咳嗽，算了不點名了,2024 nyc amc advanced screening 4/10 全片充斥著對於lesbian群體的刻板印象放大 但不得不說是一部女性爽文電影 尤其是Margraret Qualley演的非常hot 衝這給三星 還有喜歡開篇的霓虹燈招牌 不過裡面的男性角色可謂是千篇一律的蠢 極具娛樂性,2.5 玩票性質的大麻電影。科恩弟弟的創作力確實已經下降到撐不起一部長片電影了，90分鐘不到的時長還加入大量致幻劑和性愛段落實在很難擺脫水時長嫌疑。劇情上那些科恩兄弟賴以成名的精巧設計和排程早已消失無蹤，變成一個個充斥著莫名其妙臺詞的小片段。看似是個Les闖入保守地區的進步敘事，實際上這個主題完全沒有被執行，只是變成了嘴上喊的口號和尷尬的黃段子。拿著上世紀思維佯裝現代地拍les，就只能拍出來這種尷尬且無聊的東西。,三星半。好神經啊啊但是我看得很開心！,好傢伙，這科恩弟弟拍的姬佬比我看的姬片還多。馬特達蒙和麥粒跳這y2k春夢舞用作轉場我也是萬萬沒想到的。除了小演員們這麼好看的臉卻把我油到以外，我還是看得很開心的！
問題專家 : (臺),喜劇,7.0,https://img9.doubanio.com/view/photo/s_ratio_poster/public/p2892414046.jpg,2023-03-13,在母親的浪漫寵愛中成長的亞歷杭卓，獨自從家鄉薩爾瓦多來到紐約打拼。 對設計玩具充滿熱情的他，好不容易找到理想工作，卻遇到簽證即將到期、僱主不願續聘的遣返危機。 走投無路下，個性古怪、自信爆棚卻不入世的藝術家之妻，成為他續留的最後希望。 面對她的各種無知發言和無理要求，天真呆萌的亞歷杭卓是否終能熬出自己的一片天？,美國,"我們真正兩週後抽h1b兩個月後有可能要回家種番薯的opt外勞是不會相信這種童話的，真正想要留下來的拉美老哥收到那個paralegal的offer說不定會立刻接下

最後男主似乎學會的表達方式簡直是童話中的童話，之前有朋友聊過，這種request and get it往往是精英階層從小積累起的mindset和肢體語言來支撐的，一個謹小慎微走路躡手躡腳的移民怎麼可能醍醐灌頂式地習得呢",h1b傷痕喜劇，笑著笑著就哭了。,《那個Karen教會我的事》,RZA配角名單第一位結果就幾秒鏡頭，又他媽耍我是吧！Loser玩點尬的就自認為喜劇了，不要裝了美眉😅,本h1b slave看了要哭出來
婚禮上我們討厭的人 : (臺),喜劇,6.4,https://img1.doubanio.com/view/photo/s_ratio_poster/public/p2882602158.jpg,2022-11-18,艾莉森·珍妮、安妮·墨菲(《富家窮路》)、本·普拉特將主演婚禮喜劇[婚禮上我們討厭的人](The People We Hate at the Wedding，暫譯)。該片由克萊爾·斯坎倫(《初來乍到》)執導，《開心漢堡店》第二季編劇Lizzie molyneux-logelin、溫迪·莫里紐克斯共同操刀劇本。該片根據格蘭特·金德撰寫的同名小說改編，有望成為另一個[四個婚禮和一個葬禮]。故事講述一個不太和睦的家庭，因為一場婚禮被迫相聚，他們過去的隔閡一點點被放大，這些也正是這個家庭在重歸於好的路上需要解決的問題。,美國,雖然還是會說這個有多麼的cliche有多麼俗套，still，我感覺還是很enjoyable funny& cute，主要是這類comedy雖然拍不出啥新花樣，但是至少看著還是愉悅，畢竟是成熟模版化的流程了。另外就是屎尿屁R級喜劇這個，這個裡面尺度把持的感覺放不開，大機率就是怕觸發某些群體buff吧，另外確實加的這個gay線真的好湊數，好好寫KB這個線也許能整點新花樣。KB是真的不顯老啊，依舊好看，雖然每次她的角色都是那種…..不過感覺比實際年齡真年輕好幾歲。最後就是，為什麼感恩節要一副聖誕打扮。。。。whatever,"2023-10-23：
3.5🌟

好爛俗，但是喜歡。

我一切美好的表象下是殘破的靈魂，但這種時候被告訴你值得擁有美好的一切和值得被愛就顯得特別特別重要。也許有人幸運，在家人中就可以享受偏愛和不求回報的愛，但就算沒有也總會有人會愛你的一切，所以先別急。",雖然很cliché，但是看了就是很開心，很典型的中產階級聖誕閤家歡片子，從誤會到和解都在套路之中，姐姐和弟弟一起甩開無聊渣男真的很棒，Jorma小可愛演渣男竟然也很順眼？各自的成長都比較順暢，婚禮打架戲，很好笑也很沒品，但是小三和正妻真的要停止內鬥了哈，Carden姐姐來客串真的好驚喜。評論裡的neo-nazi homophobes can suck it🖕🏻,Quite amusing. 賀歲片拍成這樣已經很不錯了。,偶爾就需要這種俗套又溫情的電影
魔力麥克3：最後之舞 : (臺),劇情、喜劇,5.7,https://img1.doubanio.com/view/photo/s_ratio_poster/public/p2885389768.jpg,2023-02-10,曾經的脫衣舞秀臺柱“魔力麥克”麥克·萊恩，因為一次交易失敗小本生意徹底破產，在一家酒吧當著酒保，遇上了塞爾瑪·海耶克飾演的女精英馬可桑德拉，受誘惑再一次踏上了舞臺——這一次是在倫敦，他們決定帶來一場前所未見的大秀。,美國,能不能別那麼多廢話直接跳舞？？？,哈哈哈哈哈哈哈哈哈哈哈哈哈哈哈笑死，我喜歡Channing Tatum這個事真的好羞恥啊，但我還是聽他問Can I touch you?的時候就開始溼了……直接讓我手摸他腹肌我就蚌埠住了……中間經常因為太刺激使得我不得不暫停因為怕鼻血噴出來……啊我要努力賺錢買男妓服務！二刷了開頭和結尾的舞，決定打五星。,Steven Soderbergh還算將故事講得四平八穩，能看，但不是魔力麥克，失去了性張力，當初毫不掩飾販賣男色的作品，到了完結篇也要臨老從良，把當初脫掉的衣服一件一件穿回來。Channing Tatum一跳起舞就能讓人忘記他已經年過不惑，律動依然有令人著迷的青春誘惑感，性感魔力無限散發，可惜他只跳了三場，完全不夠看，完全看不夠。鋪墊了許久的結尾大秀，除了錢老闆的一段都沒有驚喜感，不過至少點出了一些女性主義的觀點，而Salma Hayek的新角色明明可以和麥克一起，從男女雙視角去探討以色侍人不如自立自強，結果只淪為了一個愛情工具人。無論如何，最糟糕的都是女兒的旁白，像是最差勁的高考高分作文，在每一段強行來幾句升華主題，毫無溫度，毫無美感。,8.0一頭一尾兩場脫衣舞表演把音樂與肉體的律動拍得是如此神魂顛倒且充滿了性張力，但索德伯格怎能僅僅侷限於滿足觀眾的g點？他用不間斷的對話填滿了這個無聊的美國土老帽勇闖倫敦劇院的故事，再透過各種不同的機位剪輯將這些對話拍成了花，他玩嗨了，我也看嗨了。Anyway，just enjoy the show!,b劇情看得想殺人 如果沒有肉體一定奪門而出並給一星
這很河狸 : (臺),喜劇、動作、冒險,7.4,https://img3.doubanio.com/view/photo/s_ratio_poster/public/p2895271837.jpg,2022-09-29,作品橫跨剪接、編劇與視效設計的美國導演邁克切斯利克首部劇情長片《狸太怨》，以極低預算的手作精神，展開復古風格的黑白布偶裝真人卡通動畫。故事講述19世紀冰天雪地的北方，原本靠賣酒賺錢的男子，意外遇到酒廠失火，貨源付之一炬，他只好投身獵人行業，剝取獸皮維生，沒想到卻將面對滿山遍野、數以千計的智慧河狸組織。影片不靠一句臺詞，就將巧妙排程的動作場面，推進到直逼基頓或卓別麟的逗趣刺激，港式功夫的喜劇動作設計、經典電玩橋段的逼真重現，創意十足、令人腦洞大開，不僅贏得加拿大奇幻影展觀眾票選最佳國際影片銅獎，連怪傑名導蓋馬汀都拍手稱奇。,美國,Buster Keaton+Looney Tunes+Happy Tree Friends 🦫🦫🦫🦫 A cult classic in the making 🦫🦫🦫🦫疫情期間十五萬美元預算在維斯康星北部的森林裡拍的，真的太厲害了 🦫🦫🦫🦫🦫🦫🦫🦫🦫🦫🦫🦫,導演利用冬閒時間搞了這麼一部貓和老鼠真人版可以說是童心未泯，黑白影像拼貼劇情走向純即興想象，如果你是奔著他的幽默感去的，那需要你的笑點足夠低才行。,默片+西部片+卡通+無厘頭+橫版過關+傀儡戲+黑色電影，如此一通大雜燴居然效果毫不違和，而且每隔幾秒一個笑點的密度能保持到最後仍然不失新鮮感，不讓觀眾產生審美疲勞，真的非常不容易。@Mayhem2023,本片沒有任何河狸受到傷害！真人版兔八哥+荒原，喝酒誤事啊，這一圈一圈打河狸多有前途,手撕河狸沒毛病
優等生社團 : (臺),喜劇、愛情,7.1,https://img9.doubanio.com/view/photo/s_ratio_poster/public/p2891365644.jpg,2022-07-29,"Honor's sole focus is getting into Harvard. Willing to do whatever it takes, Honor concocts a plan to take down her top three competitors, until things take a turn when she unexpectedly falls for her biggest competition.",加拿大 / 美國,"太懷念2010年前的校園喜劇了，現在這類電影真的太少了。
安格瑞賴斯太好看了",不難看的青春校園喜劇，輕輕鬆鬆可可愛愛，講了一個卷王反被卷的故事，也難得在俗套的價值觀裡拍出一點新意。女主角還蠻討喜的，就是心態轉變那塊稍微有一點硬。小胖子還真是深藏不露啊，果然爸爸說的對，男人沒有好東西！醜男胖男也不一定就是老實人！,新時代的《校園風雲》（1999）+美麗壞姐妹（2005）。哪怕是前期略微心機的女主也實在太可愛了。靈機一閃的轉折過後，片子其實到了瓶頸，是上還是下還是未知數。幸運的是，即使第三幕略微平淡，觀感上也讓我感到滿意了。90,YA內卷，無論同周的Zoey Deutch還是這裡的Angourie Rice，真的能夠完全讓人感覺到她們並不屬於這裡；也只是因為市場、資源等種種因素，才被迫“棲身”這裡， 用很成熟的手法呈上超出預期的演繹。第四面牆、冷漠瘋狂不做乖乖女的人設，很帶感也更將故事引領到其它更有趣的境地裡。當然始終都是一部看得樂呵的喜劇，收尾還是迴歸到更為積極的閤家歡裡。對照下來Gaten Matarazzo在這裡很一般，客服“童顏/無老相”依然是從劇集大爆開始，就最讓人擔心他的地方。,雖然這個像紀錄片那種一直對觀眾說話解釋的方式我不太喜歡，但是這個結尾這個轉折還是讓我耳目一新。艹，卷王卷中卷，為了獎學金名額可以各種場外髒招用盡哈哈哈哈，真的是小清新呢，以往老美這種不都是啥啦啦隊長四分衛談戀愛那種，學習，這也太清流了吧哈哈哈哈。說真的，我喜歡女主這種帶點腦子不傻白甜的傻白甜，機關算盡最後棋差一招，看的讓我饒有樂趣，而且小胖這真的是髒中髒，預判了你的預判，順帶揩油騙感情，真的好渣，比N廠青少年porn的海王渣男要有魅力多了哈哈哈哈哈，畢竟那種電影男主純靠臉睡出來只能騙騙戀愛腦的外貌協會，這小胖段位可太高了，宇宙級渣男，看這麼多romcom青春片我還真沒見過這樣的，哈哈哈哈哈
小鎮幽浮 : (臺),劇情、喜劇、科幻,7.6,https://img9.doubanio.com/view/photo/s_ratio_poster/public/p2894204604.jpg,2023-03-22,一位不尋常且意想不到的天外訪客將賓夕法尼亞州西部鄉村一座小城市的幾個人聚集在了一起。,美國,忘記芭比海默吧，這個才是年度最佳電影,😢Jules就是小狗小貓啊 不會說話 無慾無求 保護主人 默默傾聽那些孤獨的瑣碎的不被重視的聲音 在它們要離開去天堂的時候 難過和空虛可能會讓人想要結束生命 隨它而去 但一點點朋友與家人的關愛都是極大的安慰 因為有愛的地方才能稱作是家 a great place to call home 不再永遠是語音信箱,荒誕中帶著溫情的小片，關注孤獨的老年人。,有意思的外星文明設定。編劇還是略保守了，換我，留戀個雞毛，咔咔跟外星人走了。,我們都有老的那一天，所以請不要輕視這樣的作品，無論是否離奇，我願意相信至少有了一定的關注。我都願意這是真實的。
女巫也瘋狂2 : (臺),喜劇、愛情、懸疑、恐怖、奇幻,5.9,https://img3.doubanio.com/view/photo/s_ratio_poster/public/p2879167682.jpg,2022-09-30,瘋狂女巫 ，經典迴歸。,美國,結尾竟然還令人有點小感動，如果還有第三部估計老年女巫coven會更被洗白些。,情懷三星，沒有笑點，稍許尷尬，正確膚色，看完只想吃姍迪的焦糖蘋果,真的也不是多好看，但就真的是情懷,時隔29年，「山德斯三姐妹」原班人馬迴歸，迪士尼這波操作666。然而這並不像什麼續集，而更類似一部套殼的《女巫也瘋狂2022》。幾乎是照搬了第一部的所有情節預設和各種梗（包括女巫出場唱歌與萬聖節的舞臺表演），同時加入了「政治正確」與流行元素，想必小女孩們會很喜歡。「指出別人的差異並說別人很怪，就是在嘲笑別人」這種價值觀是給小孩子的財富，為這句話加一顆星。,廢物男主
萬物生靈：2023聖誕特別集 : (臺),劇情、喜劇,9.1,https://img3.doubanio.com/view/photo/s_ratio_poster/public/p2902514302.jpg,2023-12-21,在與懷孕的海倫進行了一通情緒激動的電話後，James下定決心要回到她身邊，但他沒有太多選擇，英國皇家空軍吉祥物Georgie需要他的幫助。與此同時，Hall夫人在Darrowby準備社群聖誕慶祝活動，而Siegfried和Carmody則在爭論誰將打扮成聖誕老人。,英國,1戰爭不討喜快滾粗2小崔很討喜快回來,霍爾太太怎麼還沒和齊格飛在一起！,這個劇就應該改名叫The Marvelous Mrs. Hall,啊啊啊啊我還以為Tris會回來一起過聖誕的。。。。,故事線越來越散，不過最後看到James激動著衝回家見Helen的時候還是感動的想要哭出來。小崔快回來吧！沒有你真的寡淡的像白開水。不知道後面會怎麼給霍爾夫人安排感情線，當然我覺得不能和僱主。最後一幕家門口飄著雪抱著娃kisskiss真的是美哭我。
古宅老友記：2023聖誕特別集 : (臺),喜劇、奇幻,8.3,https://img3.doubanio.com/view/photo/s_ratio_poster/public/p2902879057.jpg,2023-12-25,聖誕節就要到了，Mike的媽媽Betty決定留在莊園。儘管她只是想提供幫助，但Mike和Alison很快就對她的各種干涉失去了耐心。二人沒法輕易開口讓她回家，只能和鬼魂們繼續苦苦堅持。巴頓莊園比以往任何時候都更熱鬧。,英國,其實Alison一家和鬼鬼們告別的理由並沒有完全說服我…,"其實想給兩顆星，這個作為結局真的很爛…希望看到第五季的人可以直接忽略這個特別集，把最後的結尾就當作結局吧。

搞了一個真正的分別，而且破藉口真的爛得要死。真的我只能說編劇你沒有心，這麼鈍的刀把我捅得真的好疼。我寧願他們吵吵鬧鬧得過一輩子。或者乾脆留下一個開放結尾讓我們還有所期待續集的出現，而不是直接乾淨了斷地切斷我們對這部劇的所有情感。",倒也不必特地說再見。,為了給一個closure鋪墊出一個牽強的別離，再昇華成聖誕主題，總歸是生硬的。憔悴了一整集的Alison轉場就成了白髮蒼蒼的酒店住客，這樣的現實主題和長久別離對一部輕喜劇來講還是有些沉重。最讓人喜歡的，難道不是那些鬼鬼們一起大合唱，排話劇，玩遊戲，吵吵鬧鬧讓Alison又無奈又好笑的熱鬧場景嗎？不該這樣結束的,"雖然一開始被劇透了一下……
但是真的沒想到為什麼這麼倉促這麼離譜
難過的，為什麼沒有一直在一起玩呢……
推薦別看這集……"
老爹們 : (臺),喜劇,6.4,https://img3.doubanio.com/view/photo/s_ratio_poster/public/p2898355517.jpg,2023-10-20,這三位摯友老來得子，不得不與幼兒園校長、身為千禧一代的執行長，以及 1987年之後出現的所有事物對抗。,美國,想起最近看的言情小說裡的一句話：“Carry yourself with the confidence of a mediocre white man.”,很難不懷疑脫衣舞俱樂部的戲是劇組男人們以公謀私。,挺好笑的，簡直是美國代際意識形態衝撞的段子集錦。,倔強的代溝,整挺好的啊，每個點都說出來我的憤怒。在中國，只要把這些點稍微變換一下，直接平移。
羅莎琳 : (臺),喜劇、愛情,6.4,https://img3.doubanio.com/view/photo/s_ratio_poster/public/p2880812562.jpg,2022-10-14,影片透過朱麗葉（伊莎貝拉·默塞德 飾）的表妹羅莎琳（凱特琳·德弗 飾）的雙眼看到這“有史以來最著名的愛情故事”，羅莎琳是一位敏銳，但理想主義的年輕女性，且她恰好是羅密歐（凱爾·艾倫 飾）最近的一位前任。一開始她試圖破壞這段著名的浪漫愛情，並贏回她的男人，但隨著時間推移則成為了她的自我發現旅程，她最終致力於幫助這對戀人重新團聚。,美國,從此，王子和公主過上了沒有共同語言的日子,羅密歐與朱麗葉的野史版，挺可愛輕快的電影，不需要思考，一口氣輕鬆幽默的看完，男孩子一個像年輕時的Oscar Isaac，另一個簡直是年輕時的希斯萊傑，恍惚間彷彿看到<卡薩諾瓦 >裡當年嘻皮輕佻的希斯萊傑。片尾有意思，一見鍾情天雷地火死也要在一起的小情侶反倒尷尬到無話可說，估計一下船就分道揚鑣了吧，反而是起初吵鬧嫌棄的堂姐找到了真愛。,算是美國古偶劇吧但服化道居然還真的很有文藝復興義大利的感覺，想知道取景地！,影片的設定本來可以大有作為，但最終故事還是就那樣不溫不火地結束了，並沒有全心地投入到解構之中。,"女配角度的古典新編輕喜劇，很套路的劇情，但用來打發時間還是蠻愉快的。最後羅密歐與朱麗葉在私奔的船上發現沒話講的尷尬，跟《畢業生》結尾有異曲同工之感，讓觀眾噗嗤笑出聲。
男主總感覺眼熟，查了一下居然是《風中的女王》裡的Conde…好久不見，bro…"
汪汪隊立大功大電影2：超能大冒險 : (臺),劇情、喜劇、動作、科幻、動畫、奇幻、冒險,7.5,https://img3.doubanio.com/view/photo/s_ratio_poster/public/p2897946307.jpg,2023-09-29,一顆隕石從天而降，汪汪隊基地慘遭破壞，因禍得福的是，汪汪隊透過隕石獲得了超能力！變成超能狗狗！能隨心飛的天天、有飛毛腿的阿奇、是萬人迷的灰灰、會霹靂火的毛毛、成大力士的小礫、不怕風浪的路馬……萊德隊長還給汪汪隊升級了全新的裝備，並招募汪汪預備隊的三隻小狗，共同保護冒險灣！但與此同時，一位邪惡的科學家也盯上了隕石中的超能力，她聯合了汪汪隊的死對頭海丁那市長，試圖奪取汪汪隊的超能力，並讓更多的隕石撞上地球！汪汪隊集體出動，勇敢狗狗，不怕困難！汪汪隊能否再次拯救世界？,美國 / 加拿大,幼兒版復仇者聯盟,萊德才是最有錢的 鋼鐵俠和蝙蝠俠加一塊都不好使,動畫版的鋼鐵俠+美國隊長。弱小無力是天天，拯救地球在今天。我命由我不由天，一拳幹碎流星天。,"女兒說“天天的粉色絲巾飛走了”。我說“天天從此不再自卑不再害怕了”。
希望女兒能懂得一些成長中的代價。",我兒子在電影院看的第二部電影
魔發精靈3 : (臺),喜劇、動畫、音樂、家庭、奇幻、冒險,6.4,https://img3.doubanio.com/view/photo/s_ratio_poster/public/p2898065352.jpg,2023-10-12,在經歷前兩部的考驗之後，波比（安娜·肯德里克 Anna Kendrick 配音）和布蘭（賈斯汀·汀布萊克 Justin Timberlake 配音）現在正式成為一對情侶，正當他們的關係變得越來越親密，波比卻發現布蘭竟然有一個神秘的過去。他曾經是她最瘋迷的男團“兄弟地帶”成員，那是他和他的四個兄弟弗洛伊德（特洛耶·希文 Troye Sivan 配音）、約翰·多瑞（埃裡克·安德烈 Eric André 配音）、史布斯（戴維德·迪格斯 Daveed Diggs 配音）以及克雷（卡迪小子 Kid Cudi 配音）共同組成的男孩團體。但是兄弟樂團在布蘭還是的小朋友的時候就已經解散，這一家人也跟著四分五裂，從那時候起，布蘭就再也沒有見過他的兄弟。 但是當布蘭的兄弟弗洛伊德因為他的音樂才華被兩個流行音樂的邪惡大壞蛋——凡菲（艾米·舒默 Amy Schumer 配音...,美國,技術是牛逼的，歌曲是好聽的，故事是沒有的，整體是無聊的。,歌曲一般，劇情沒什麼驚喜，就剩炒nsync冷飯的熱度了。,這一部幾乎感覺沒啥大的問題，就很家庭閤家歡，尤其側重於siblings，不論是男主，女主，還是反派，統統都有siblings而且還都有issue，tiny那個吐槽who is this sibling of哈哈哈哈哈，這個裡面不經意的小吐槽還挺搞笑的，像是那個we re not gonna press charges，樂了。就四兄弟這個矛盾也挺好理解的，但是一聽Floyd被抓立馬就出發毫不猶豫。AK的poppy這一部真的好可愛啊prove it prove it還有狗子車裡鬧矛盾她去找branch，她真的好好呀，超喜歡AK的聲音，太蘇了，歌曲也好聽不過沒聽過沒有nostalgia加成…..總之，在夢工廠為數不多的trilogy裡，trolls系列應該是毫無爭議的墊底了，沒辦法，還是有差距,真的比網友評論的還要垃圾，劇本還不如GPT呢。,儘管沒什麼邏輯 每次看都覺得又可愛又感動
她來找我 : (臺),劇情、喜劇,6.3,https://img1.doubanio.com/view/photo/s_ratio_poster/public/p2898140308.jpg,2023-02-16,設定在紐約，講述有關多代人的故事：一位作曲家文思枯竭，在經歷了一次冒險的一夜情後，他重新發現了自己的激情；一對天資聰慧的青少年努力向父母證明他們年輕的愛戀是可以永恆的；一個看似擁有一切的女人發現愛情降臨在最意想不到的地方。,美國,我要去當修女了,其實這片戲劇性還挺強的,安妮請你接點好的🚬,題材和人物都挺有意思的，整個風格也頗有文藝範，只可惜故事非常缺乏說服力。,Tug captain as muse as fairy Godmother
你們這些人 : (臺),喜劇、愛情,6.2,https://img9.doubanio.com/view/photo/s_ratio_poster/public/p2886951886.jpg,2023-01-27,一對新婚夫妻和雙方家庭面對在文化與價值上的衝突，爭吵不休的兩家人最後能否放下成見，從冤家變成真正的親家？,美國,3.5 除了結尾有點倉促外都很好，喜劇效果也適度，愛死這片的卡司！！,今天Netflix上觀看量第一的電影——我不敢相信這麼多人同時看了這麼爛的電影，而且我也是其中之一。,一部被嚴重、嚴重低估的反政治正確佳作，遍地是諷刺，處處是新梗。猶太族群、黑人族群的一次不可思議的結合，真是什麼都敢說啊，如果再加上亞裔族群，那就更牛逼了。個人2023觀影最佳。,網飛也整港片閤家歡的套路了？,好笑的（就是JLD和DD不像有長這樣的兒子
瘋狂店員3 : (臺),喜劇,6.4,https://img9.doubanio.com/view/photo/s_ratio_poster/public/p2878540956.jpg,2022-09-13,"Following a massive heart attack, Randal enlists his friends and fellow clerks Dante, Elias, Jay, and Silent Bob to make a movie immortalizing his life at the convenience store that started it all. “Clerks III” stars Brian O’Halloran, Jeff Anderson, Trevor Fehrman, Austin Zajur, Jason Mewes, Marilyn Ghigliotti, Rosario Dawson, and Kevin Smith.",美國,1994年第一部、2006年第二部、2022年居然誕生了情懷向的第三部。還是那幾個沙雕，從青年變成了中年，一群門外漢拍的便利店電影成了他們追憶自己青春最好的作品，在緬懷之前去和解，在再見之前去釋懷，他們做到了~,看完只有滿滿的情懷，獨立電影的精神不朽，從第一部到這一部竟然也和那些成為文化語境的電影一樣擁有了自己的三部曲，雖然除了第一部後面兩部遠不能算作經典，還是被凱文史密斯這有些自傳的情懷觸動，純粹覺得這部電影是某個已經或者不再會有的拍電影方式了，因此而感動，電影史不僅僅屬於那些大師和宏大的製作，有著電影夢的人也同樣可以變成電影史的一部分，即使是《房間》也爛到一種傳奇。看這些這些廢材老去的樣子還是有點點唏噓的，時間就是這麼讓人玩味。,year of meta，稱不上多高明，但元素很接近宋飛第四季，最後用來當大招還真感動了我一下。Randal的“成長”是雙刃劍，的確五十歲還朋克的大多也有點秀逗了...字幕表最後Kevin Smith來了段很真摯的彩蛋旁白aka退休感言，就像這片子一樣，他的水平也就擺在這兒了，但心肯定是誠的,淚流滿面，年華老去，一次集體告別，曾經長不大的御宅店員們，為年少輕狂的荒唐過去做最後一次回望；之前凱文在現實生活中突發心梗險些喪命的遭遇成為他創作本片的主要情感落腳，當年的系列第一部作為一切的起點反而在本片中成為某種魂歸之處，那時的凱文和店員們透過電影向未來進發，如今的凱文卻和店員們透過電影向曾經緬懷，將自己代入“如果”的彌留之際情境中，去和解、去道歉、去釋懷、去再見；開場的球賽我們見到了早已取消續訂的Comic Book Men四人組，而在片尾的最後一鏡，攝影機緩緩後退，離這些虛構又無比真實的友人們越來越遠，宛如靜悄悄的離別，直至將最後一眼落在貨櫃前凱文的女兒哈利·奎恩，這是凱文電影中最為動人的一幕，重訪過心心念的人們後，他回到了黑白的《瘋狂店員》中將這一切祭奠——這是致青春，也是墓誌銘。,I am from NJ and I watched too much TV，有一天老杆子會死，但是別讓我們消失
禮貌社會 : (臺),喜劇、動作,5.9,https://img1.doubanio.com/view/photo/s_ratio_poster/public/p2888054439.jpg,2023-01-20,"Ria Khan believes she must save her older sister Lena from her impending marriage. After enlisting her friends' help, she attempts to pull off the most ambitious of all wedding heists in the name of independence and sisterhood.",英國,不錯的女性主義喜劇，有趣但不失意義。上流社會透過婚姻騙取女孩子宮的設定放在包辦婚姻仍大行其道的印巴裔背景下顯得合理自洽，也更讓本片的諷刺性更上一層樓：對女性的壓迫不限於任何階層與種族。妹妹拯救姐姐的設定雖套路卻依然感人——當所有人都認為我成為武打演員是痴人說夢時，只有你全力支援我；那麼當所有人都想把你關進婚姻和生育的牢籠，我也會拼盡一切來拯救你，因為我們是姐妹。是啊，姐妹是多麼美好的詞彙呀。PS：片中參與姐姐營救計劃的都是女孩，真好。,三星半，很傻很好玩兒！穿著裙子翻跟斗多美呀，要是多點穿著民族服裝打鬥戲就好了,有趣的是，這部電影的大反派、“damsel-in-distress”、英雄和英雄的夥伴都是女性，而唯一戲份稍多點的男性角色，是反派的附庸、“寵物”和誘餌，“父權制不存在了”？然而，影片中年長女性嫉妒著新時代年輕女性所擁有的“機會”，為自身不平，這其中仍能感受到父權制那龐大的身軀、憧憧的鬼影。,進步的巴基斯坦裔。女性意識，獨立意識很強的片子。有些地方是很粗糙，但是主導意向很明確，給青少年看的喜劇，也不能要求太多。,英國產偽動作片，挑了個比寶萊塢明星黑得多的印裔小姑娘主演，大概也反映了某種東方主義審美？被致敬香港功夫片的外表誤導，看了一半開始後悔，本質上還是個傻里傻氣的西方高中生電影，動作戲觀賞值為負。印裔穆斯林、非裔加女性，各種政治正確，哭笑不得的是大反派並非媽寶男，而是個愛美的印裔老女人，所以這算窩裡鬥吧。
魔法奇緣2 : (臺),喜劇、愛情、動畫、歌舞、奇幻、冒險,6.1,https://img9.doubanio.com/view/photo/s_ratio_poster/public/p2880024365.jpg,2022-11-18,吉賽爾公主和羅伯特、摩根搬到了郊區的一棟新房子，被反派瑪爾維娜·夢露監視著。隨著問題的出現，吉賽爾許願把他們的生活變成完美的童話，然而咒語產生了戲劇性的反作用，使吉賽爾不得不在午夜來臨之前爭分奪秒，以拯救她的家人和安大拉西亞王國。,美國,童話世界那濾鏡用得太厚了，眼都要瞎了,確實把魔法給我解除了就是。,明明現在的特效比以前好多了，整個片子卻充斥著一副塑膠質感。完全給粉絲打造的一個續集，但很懷疑粉絲恐怕都不一定會滿意。找差不多的原班人馬重聚一下賣賣情懷，結果編出來這麼一個黔驢技窮的故事，除了提醒大家時光飛逝所有人都老了以外，好像也沒什麼效果了。AA很好地演出了追求小金人多年但始終未果的精神分裂感，難為她了。15年過去了，大家發現，改變世界的不是魔法，生活也不是童話，或許在某個時空裡，以惡制惡才是唯一的歸宿。,挺無聊，又挺荒謬的，如果我有錢我會買下版權，讓許晴和爽子來主演，許晴是神經質的後媽，爽子演高齡叛逆少女，哈哈哈哈哈哈哈哈哈哈哈哈。,AA還是那個AA，女演員十幾年後還能演公主莫名有點感動，變成惡毒後母之後的演技也有趣，精分吉賽爾很絕，吉賽爾可以加入迪士尼後媽套餐了，魔法2真是冬天落下的禮物。
阿姆斯特丹 : (臺),喜劇、懸疑、歷史,5.8,https://img3.doubanio.com/view/photo/s_ratio_poster/public/p2879062107.jpg,2022-09-27,三位好友，一樁謎案，驚天陰謀，即將揭曉...... 全明星陣容共同演繹，奧斯卡提名導演大衛·O·拉塞爾執導，克里斯蒂安·貝爾、瑪格特·羅比、約翰·大衛·華盛頓主演，泰勒·斯威夫特驚喜亮相！當目擊者變成嫌疑人，身處風暴中心的他們，該如何守護彼此，發現真相？,美國,當選我的年度詐騙預告top1，超強卡司+精彩的預告成功吸引我買了票，結果就是努力看了半場之後再也堅持不住😓太太太太太太無聊了，看得好累，唯一驚豔的就是Margot Robbie和Anya的逆天顏值了，太美了😋,就一部幾分鐘客串電影就使得黑子群體出動，也是笑死我了，把評論區搞得烏煙瘴氣，到處充滿蕩婦羞辱，這就是某迷素質罷了,這電影就像一隻精緻美麗的布偶貓，但不幸患上痢疾，然後在地上牆上床上桌上碗里拉得到處都是，到處都是！！！真的需要一鍵查詢大衛O拉搜精神狀態。,無論是故事還是型別，都複雜又混亂，浪費這麼多好演員。,開頭：周迅，好多人啊；結尾：大雄，特意把大家喊出來就是為了這點事呀。戲夢阿姆斯特丹，午夜紐約，華盛頓二代演的是信條，羅比演的是小丑女，貝爾演的是鬥士，大家各司其職，拍出了好萊塢馮小剛版的建國大業。演技老成持重，政治直抒胸臆，最好的橋段給勞勃狄尼洛神之獨白，剩下的給各種匪夷所思的預期違背小段子
奇美拉 : (臺),喜劇、愛情、奇幻、冒險,7.9,https://img1.doubanio.com/view/photo/s_ratio_poster/public/p2892253589.jpg,2023-05-26,每個人都有自己的“奇美拉”，這是他們試圖實現但卻無法找到的東西。對於盜墓團伙來說，奇美拉意味著從工作和輕鬆致富的夢想中得到救贖。對亞瑟（喬什·奧康納 Josh O'Connor 飾）來說，奇美拉就像他失去的那個女人，貝尼亞米娜。為了找到她，亞瑟挑戰無形，到處尋找，進入地 球內部——尋找神話中所說的通往來世的大門。在活人與死人之間、森林與城市之間、慶典與孤獨之間的冒險旅程中，這些人物的命運交織在一起，都是為了尋找奇美拉。,義大利 / 法國 / 瑞士,稍微有那麼一點點不滿足，因為對Rohrwacher期待太高了，但它還是很好，像一場睡眠和夢境，醒著看也像在夢遊。阿莉切總是把敘事的骨架描述得很輕、埋得很深，看著看著你就猜，這個人他想要什麼？他想做什麼？等他行動起來了，你也沒有跟著他旋轉的感覺，因為總是不知道他下一秒會做什麼，真神奇，彷彿他們都從神秘學故事中走出來。第一次get了Josh O'Connor，笑的時候溫柔又內斂，奇奇怪怪，內心執著，眼睛裡雖然有無數追問，也不確定是不是要愛你，但一定會給你一個全世界最好的吻。,果然是幸福的拉扎羅。。這部和<利益區域>其實也代表瞭如今戛納甚至歐洲主流學院審美，重形式輕內容。在我這裡這類玩意真不能叫電影。,視聽是多麼獨特，用鬆散、質感很強的影像，帶來一種wonderstruck式的觀看感受，漫遊感很強，渾厚卻又細膩。喬什·奧康納飾演的人物因為其身上的悲傷色彩，而顯得富有魅力。觀感不及《幸福的拉扎羅》，但我還沒找到原因。,我是個俗人，好故事是我認知中的好電影的第一性，不好好講故事的片子我都接受不了,故事比較簡單，一個有點特異功能的人可以在古Etruscan地區發現古墓位置，帶著一幫狐朋狗友盜墓。但沒追求各不相同。他要尋回的過去是他死掉的女朋友，一根紅頭繩。故事講法非常高階，拍得很美，光影色彩都好看得不行。有些細節處理也是精彩，比如在主線裡會穿插兩個唱歌搖的，用歌聲講述整個故事，有種“評彈”感。另外主角發現古墓時候鏡頭世界就顛倒了，一種空間換時間的方式，非常有意思。
未來的太陽 : (臺),劇情、喜劇,6.7,https://img9.doubanio.com/view/photo/s_ratio_poster/public/p2890621554.jpg,2023-04-20,義大利導演喬瓦尼準備開始拍攝一部政治電影。然而，他的婚姻出現了危機，他的合作製片人瀕臨破產，電影業也在迅速變化。所有的事情似乎都在阻撓他的前進！緊張中的喬瓦尼必須重新思考他的工作方式，如果他想要帶領他的小世界走向一個光明的未來。,義大利,遲暮的老人仍在無休止地追問，關於政治、藝術與愛情，他篤定經驗主義，卻已不相信語言的力量。他持續觀察並記錄著時代的裂痕，盼望用歌舞的幻覺彌合分歧，喚醒人類的團結友愛。這是莫萊蒂的痛苦與榮耀，盡情擁抱傷感，天真地老去，熱情地老去。,4.5 近幾年來保守派感傷懷舊元電影的完全反面：一部完全關於當下的作品，以最幽默的誇張變形和肆無忌憚的混亂狂歡，指向這個時代最沉重的內外世界雙重危機。莫萊蒂不僅沒有“老”，而且依舊是精力無限、誠實熱忱地站在最前沿，召喚過去電影的精魂和未來世界（不存在）的希望呀,【4】自戀和說教確實也分水平，在本片我看到一位老人直面衰老的境況，同時又堅信他所奉行的一切，並充滿熱誠地分享給他的觀眾。,重看4-改3。莫萊蒂一把年紀了能不能不要隨地大小爹，真的很不禮貌，全程都是讓我考考你。,一個老師問三個學生，你們用什麼東西可以將一間屋子填滿。第一個學生找來了稻草鋪滿了地板，老師搖了搖頭。第二個學生找來一根蠟燭，頓時屋子裡充滿了光芒，老師還是搖了搖頭，因為學生的影子沒有被照到。 這時第三個學生Nanni拿出家中珍藏的意語CD播放，沒一會兒好聽的音樂便充滿了整個房間。
青春硬起來 : (臺),喜劇,5.5,https://img9.doubanio.com/view/photo/s_ratio_poster/public/p2897296556.jpg,2023-05-24,Two best friends try to make it through high school while dealing with embarrassing new urges and their very inconvenient feelings for each other.,德國,我不相信只有我一個人下錯資源了。,老二勃起的故事。估計全世界都是想看大表姐的青春電影被忽悠下錯了這部www,....我明明看的是不要見怪，開啟以後還說怎麼是德語的，調了半天發現不行，然後有字幕就湊合一下吧，結果20分鐘了大表姐還沒出來就不對勁了吧，最後竟然是這個電影.....,資源網怎麼放錯資源騙人的！海報和圖片明明是大表姐的不要見怪😹,德國這麼open？？
無糖霜 : (臺),喜劇、傳記、歷史,5.9,https://img1.doubanio.com/view/photo/s_ratio_poster/public/p2906219428.jpg,2024-05-03,這是一個關於野心、背叛、糖藝和險惡送奶工的故事。1963年的密歇根州，穀類食品的宿敵家樂氏和波斯特競相創造一種將徹底改變早餐面貌的糕點。,美國,40分鐘棄了，真的是又弱智又無聊，非常催眠，毫不講邏輯，甚至以n廠這個日常產垃圾的標準來說，這個也是new low。讓我有種在影院看Beckinsale那部一樣的糟糕感覺，純坐牢，想走但是買票了，不走又是煎熬….好在這次是電腦看，直接及時止損。,好過時的原教旨SNL喜劇，過時到片尾曲都是唱歌跳舞！密密麻麻的老掉牙sketch爛梗跟一本正經胡說八道的宋飛弱智笑話，神()的有組織牛奶犯罪，笑點被戳中了,非常zany，宋飛的喜劇口味真有很多幼稚的地方,Jerry Seinfeld長片首秀，從一開始就保持源源不斷閃現的電視圈熟臉團建，再到堪稱驚喜放送的“《廣告狂人》情景再現”；他刷爆人情卡，也靠著背後平臺的強大支援，可以說是隨心所欲。奇多、俄羅斯方塊、麥當勞、豆豆娃…“萬物皆立傳”的毛病在近幾年電影裡密集出現；本片幾乎遵循相同的公式，也在試圖用看好戲的態度挖掘並不美好純真的商業源起故事。不過對比起這裡的講述更蠢，也更加歡脫娛樂；它在有些時候幾乎不像電影，而像穿插於《週六夜現場》出現的趣味年代小品。很值得被吐槽鬧爆，但也有那種回味起來就要傻笑的直接感覺。,幾十年以前風格的老式喜劇 連Jerry Seinfeld不緊跟時代 光有喜劇技巧觀眾也不會買賬的
清白的嫌疑人 : (臺),喜劇、犯罪,6.4,https://img1.doubanio.com/view/photo/s_ratio_poster/public/p2881141100.jpg,2022-09-16,"After becoming the prime suspect in multiple murders, Fletch strives to prove his innocence while simultaneously searching for his fiancé's stolen art collection.",美國,看了letterboxd以後才知道原來這是《古靈偵探》的IP重啟，基本靠角色魅力撐起來，但哈姆在這種型別裡仍然不太適合玩世不恭的氣質，總顯得不夠真誠。,現在的美國電影是有多喜歡苦笑臉的羅嗦鬼男主角呀，從超級英雄到這種喜劇偵探片，到處都是這個款。不是話太密，而是不分輕重緩急，幾乎每一句話後面都要加註，完全失去了幽默感而是像完成作業那樣走人設，也不幽默好玩，而且常顯擺並帶有高人一等的精英感“你看我知道的多不多”，比如在警局說做哪種瑜伽那句為典型，太讓人難受了。並不太喜歡現在Jon Hamm，人物失去了靈魂。故事不太有趣，作為偵探懸疑片都不怎麼引人入勝。總之，不看也罷。,挺好玩兒的，也有點無厘頭，很多邏輯問題，不過喜劇就看著玩唄。和上週剛看過的同樣是偵探背景的see how they run有點串戲，都是一老一年輕的警局偵探搭檔，相比感覺這部更好看點。,意外的還挺好看，廣告狂人+雙峰劇迷狂喜。Jon Hamm年紀大了也本山化成為喜劇人了，依然逃不出Don Draper的影子。劇本很充實，場景豐富，對話密集，也挺搞笑的。,好久沒看到這麼多熟臉了啊啊啊Roger老朋友來客串了啊啊啊。看番位判斷兇手系列【不】很聰明地用主角視角誤導並再次誤導觀眾，最後的兇手情理之中（小小地）意料之外，挺有意思的，越回頭想細節越有趣。結尾還是好人有好報，輕鬆愉快～
我的好朋友黑漆漆 : (臺),喜劇、動畫、懸疑、家庭、奇幻、冒險,6.7,https://img2.doubanio.com/view/photo/s_ratio_poster/public/p2904010981.jpg,2024-02-02,獵戶座看起來很像普通的小學生 — 害羞、謙遜、暗戀別人。但在看似正常的外表下，獵戶座是青春期焦慮的集合體，被來自蜜蜂、狗、海洋、手機電波、殺氣騰騰的陰溝小丑，甚至從懸崖上掉下來的非理性恐懼所徹底吞噬。在所有的恐懼中，他最害怕的是每晚都要面對的東西：黑暗。而他最恐懼的東西化身實體出現了：黑暗帶著獵戶座乘坐過山車環遊世界，以證明夜晚沒有什麼可怕的。隨著這對奇特的搭檔越來越親密，獵戶座必須要決定自己是否能學會去接受未知，擺脫恐懼對他人生的掌控，擁抱生活的快樂。,法國 / 美國,1.臺配版《我的好朋友黑漆漆》觀影過程中聯想到《頭腦特工隊》《晝與夜》《怪獸電力公司》《守護者聯盟》《小丑回魂》等片剛好豆瓣網友的短評也有提及，這種默契讓我有點驚喜，不過《寶貝老闆》《超級大壞蛋》…倒是沒看到有人提到，黑漆漆出場的段落還讓我聯想起幾米的繪本《吃掉黑暗的怪獸》；2.被“怕怕”主導的“獵戶座”各種幻想糟糕的情況，這點我和他有點像，不過不像他程度那麼嚴重；3.可能這部夢工廠動畫作品只上Netflix不上院線，所以沒采用從《穿靴子的貓2》開始使用的 DreamWorks 新片頭？ …… ★★★☆,看字幕的時候，發現編劇有查理·考夫曼。這個故事的結構也算充滿巧思了，大資料的層面上讓人聯想到皮克斯的《頭腦特工隊》的人物配色和《超能陸戰隊》的大白，最後把一個低幼設定的故事講的不落俗套。Netflix的簡中字幕把小男孩的名字Orion直譯成獵戶座，瞬間有點好笑了。,概念挺好的，有一點頭腦特工隊的影子，本質上其實是個家庭電影，因為孩子怕黑睡不著，所以做父母的透過講述自己如何不再怕黑的睡前故事，也讓孩子戰勝恐懼，因此這是一個由祖孫三代共同完成的故事，同時也是個可以一代代傳下去的故事。但是撇開這麼一個套娃式的結構，整個劇作還是太亂太臃腫了，最重要的是人物的轉變也很生硬，觀感其實不是那麼順暢。,你不懂夜的黑。,Dreamworks這個不上院線上Netflix的，故事倒是還好，雖然會有種inside out&inception的似曾相識。不過我還是覺得這個全年齡向的故事至少寫的不錯，有些還是可以relate到，而這個還有就是不帶任何的agenda（沒錯就是不像死耗子搞woke）相當舒服
關於我的父親 : (臺),喜劇,6.2,https://img3.doubanio.com/view/photo/s_ratio_poster/public/p2891462053.jpg,2023-05-26,羅伯特·德尼羅將攜手塞巴斯蒂安·馬尼斯科，主演獅門影業喜劇新片《關於我的父親》(About My Father)。該片由勞拉·特魯索執導，特魯索與奧斯汀·厄爾共同操刀劇本。影片根據馬尼斯科與父親的真實經歷改編，講述馬尼斯科告訴他老派的義大利移民父親薩爾沃(德尼羅飾)，他要向他的純美國女友求婚時，薩爾沃堅持要和她的父母一起過週末。兩家人在一起的時候，雖然有文化衝突，而且兩個家庭似乎沒有什麼共同點，但在週末結束時，他們成為了一家人。,美國,«愛爾蘭人»中老爸可是一槍把兒子崩了的啊,政治正確的喜劇片,Family isn't one important thing. It is everything,三星半。網大觀感的家庭喜劇，許多大衝突到後段「突然」全部解決。影帝演出繼續穩陣。,套路還好，真正彆扭的是，很多臺詞讓你感覺他真的很想搞笑，但又沒有那麼好笑。
